transaction_id,client_id,transaction_date,amount,payment_method,product_id,customers__customer_id,customers__first_name,customers__last_name,customers__email,customers__phone,customers__city,customers__age,customers__registration_date,clients_2026__location,clients_2026__email_address,clients_2026__client_identifier,clients_2026__customer_age,clients_2026__telephone,clients_2026__signup_date,clients_2026__full_name,products__product_id,products__product_name,products__category,products__price
T000000,C00053,2025-02-15,,transfer,P0048,C00053,Lina,Karoui,client52@example.com,+21620000052,tunis,35.0,2025-01-25,tunis,client52@example.com,C00053,35.0,+21620000052,2025-01-25,Lina Karoui,P0048,Product 48,services,161.4
T000001,C00062,2025-02-15,551.47,transfer,P0047,C00062,Nour,Hamdi,client61@example.com,,tunis,68.0,2025-01-06,tunis,client61@example.com,C00062,68.0,+21620000061,2025-01-06,Nour Hamdi,P0047,Product 47,hardware,196.02
T000002,C00017,,469.87,cash,P0092,C00017,Youssef,Mansour,client16@example.com,+21620000016,tunis,59.0,2025-01-17,tunis,client16@example.com,C00017,59.0,+21620000016,2025-01-17,,P0092,,services,191.98
T000003,C00018,2025-02-15,,transfer,P0016,C00018,Samar,Mansour,client17@example.com,+21620000017,tunis,59.0,2025-01-18,tunis,client17@example.com,C00018,59.0,+21620000017,2025-01-18,Samar Mansour,P0016,Product 16,services,37.28
T000004,C00013,2025-02-15,598.24,card,P0031,C00013,Nour,Trabelsi,client12@example.com,+21620000012,paris,24.0,2025-01-13,paris,client12@example.com,C00013,24.0,+21620000012,2025-01-13,Nour Trabelsi,P0031,Product 31,hardware,13.48
T000005,C00057,2025-02-15,528.12,transfer,P0019,C00057,Youssef,Mansour,client56@example.com,+21620000056,sousse,26.0,2025-01-01,sousse,client56@example.com,C00057,26.0,+21620000056,2025-01-01,Youssef Mansour,P0019,Product 19,hardware,27.52
T000006,C00001,,173.93,transfer,P0025,C00001,Samar,Karoui,,+21620000000,sfax,38.0,2025-01-01,sfax,client0@example.com,C00001,,+21620000000,2025-01-01,Samar Karoui,P0025,Product 25,software,137.74
T000007,C00058,2025-02-15,,cash,P0091,C00058,Samar,Trabelsi,client57@example.com,+21620000057,tunis,68.0,2025-01-02,tunis,client57@example.com,C00058,68.0,+21620000057,2025-01-02,Samar Trabelsi,P0091,Product 91,services,31.79
T000008,C00048,2025-02-15,999999.0,transfer,P0095,C00048,Adam,Ben Ali,client47@example.com,+21620000047,sfax,71.0,2025-01-20,sfax,client47@example.com,C00048,71.0,+21620000047,2025-01-20,Adam Ben Ali,P0095,Product 95,hardware,157.61
T000009,C00047,2025-02-15,599.47,cash,P0005,C00047,Lina,Mansour,client46@example.com,+21620000046,paris,74.0,2025-01-19,paris,client46@example.com,C00047,74.0,+21620000046,2025-01-19,Lina Mansour,P0005,Product 5,software,51.15
T000010,C00068,2025-02-15,401.08,card,P0064,C00068,Lina,Mansour,client67@example.com,+21620000067,sfax,36.0,2025-01-12,,client67@example.com,C00068,36.0,+21620000067,2025-01-12,Lina Mansour,P0064,Product 64,software,76.66
T000011,C00053,2025-02-15,391.82,transfer,P0024,C00053,Lina,Karoui,client52@example.com,+21620000052,tunis,35.0,2025-01-25,tunis,client52@example.com,C00053,35.0,+21620000052,2025-01-25,Lina Karoui,P0024,Product 24,software,120.27
T000012,C00073,2025-02-15,58.81,card,P0020,C00073,Lina,Hamdi,client72@example.com,+21620000072,tunis,41.0,2025-01-17,tunis,,C00073,,+21620000072,2025-01-17,Lina Hamdi,P0020,Product 20,software,9.12
T000013,C00077,2025-02-15,538.73,,P0030,C00077,Amine,Hamdi,client76@example.com,+21620000076,,59.0,2025-01-21,sfax,client76@example.com,C00077,59.0,+21620000076,2025-01-21,Amine Hamdi,P0030,Product 30,services,170.97
T000014,C00093,2025-02-15,22.25,cash,P0020,C00093,Adam,Hamdi,client92@example.com,+21620000092,paris,38.0,2025-01-09,paris,client92@example.com,C00093,38.0,,2025-01-09,Adam Hamdi,P0020,Product 20,software,9.12
T000015,C00080,2025-02-15,148.29,transfer,P0050,C00080,,Trabelsi,client79@example.com,+21620000079,tunis,32.0,,tunis,client79@example.com,C00080,32.0,+21620000079,2025-01-24,Nour Trabelsi,P0050,Product 50,hardware,130.28
T000016,C00052,2025-02-15,90.1,cash,P0100,C00052,Amine,,client51@example.com,+21620000051,sfax,20.0,2025-01-24,sfax,client51@example.com,C00052,20.0,,2025-01-24,Amine Ben Ali,P0100,Product 100,software,
T000017,C00050,2025-02-15,467.18,cash,P0059,C00050,Nour,Mansour,,+21620000049,,27.0,2025-01-22,tunis,client49@example.com,C00050,27.0,+21620000049,2025-01-22,Nour Mansour,P0059,Product 59,services,56.96
T000018,C00024,2025-02-15,122.93,card,P0073,C00024,Adam,Trabelsi,client23@example.com,+21620000023,tunis,70.0,2025-01-24,tunis,client23@example.com,C00024,70.0,+21620000023,2025-01-24,Adam Trabelsi,P0073,Product 73,software,69.03
T000019,C00060,2025-02-15,546.83,card,P0050,C00060,Nour,Hamdi,client59@example.com,+21620000059,sousse,60.0,2025-01-04,sousse,client59@example.com,C00060,60.0,+21620000059,2025-01-04,Nour Hamdi,P0050,Product 50,hardware,130.28
T000020,C00014,2025-02-15,395.48,card,P0002,C00014,Nour,Trabelsi,client13@example.com,+21620000013,sfax,34.0,2025-01-14,sfax,client13@example.com,C00014,34.0,+21620000013,2025-01-14,Nour Trabelsi,P0002,Product 2,services,174.16
T000021,C00094,2025-02-15,26.52,card,P0009,C00094,Lina,Ben Ali,client93@example.com,+21620000093,sfax,52.0,2025-01-10,sfax,client93@example.com,C00094,52.0,+21620000093,2025-01-10,Lina Ben Ali,P0009,Product 9,services,17.98
T000022,C00085,2025-02-15,8.23,transfer,P0027,C00085,Youssef,Trabelsi,client84@example.com,+21620000084,sfax,19.0,2025-01-01,sfax,client84@example.com,C00085,19.0,+21620000084,2025-01-01,Youssef Trabelsi,P0027,Product 27,services,67.01
T000023,C00012,2025-02-15,35.74,transfer,P0025,C00012,Adam,Hamdi,client11@example.com,+21620000011,,56.0,2025-01-12,sousse,,C00012,56.0,+21620000011,2025-01-12,Adam Hamdi,P0025,Product 25,software,137.74
T000024,C00079,2025-02-15,365.53,,P0085,C00079,Youssef,Karoui,client78@example.com,+21620000078,tunis,39.0,2025-01-23,tunis,client78@example.com,C00079,39.0,+21620000078,2025-01-23,,P0085,Product 85,software,30.76
T000025,C00012,2025-02-15,481.88,card,P0085,C00012,Adam,Hamdi,client11@example.com,+21620000011,,56.0,2025-01-12,sousse,,C00012,56.0,+21620000011,2025-01-12,Adam Hamdi,P0085,Product 85,software,30.76
T000026,C00073,2025-02-15,146.94,card,P0086,C00073,Lina,Hamdi,client72@example.com,+21620000072,tunis,41.0,2025-01-17,tunis,,C00073,,+21620000072,2025-01-17,Lina Hamdi,P0086,Product 86,hardware,124.8
T000027,C00009,2025-02-15,510.4,card,P0064,C00009,Amine,Trabelsi,client8@example.com,+21620000008,sfax,35.0,2025-01-09,sfax,client8@example.com,C00009,35.0,+21620000008,2025-01-09,Amine Trabelsi,P0064,Product 64,software,76.66
T000028,C00049,2025-02-15,39.05,cash,P0056,C00049,Nour,Karoui,,+21620000048,paris,28.0,2025-01-21,paris,client48@example.com,C00049,28.0,+21620000048,2025-01-21,Nour Karoui,P0056,Product 56,software,95.25
T000029,C00066,2025-02-15,481.57,cash,P0065,C00066,Amine,Karoui,client65@example.com,+21620000065,sousse,47.0,2025-01-10,sousse,client65@example.com,C00066,47.0,+21620000065,2025-01-10,Amine Karoui,P0065,Product 65,,76.45
T000030,C00073,2025-02-15,557.04,cash,P0041,C00073,Lina,Hamdi,client72@example.com,+21620000072,tunis,41.0,2025-01-17,tunis,,C00073,,+21620000072,2025-01-17,Lina Hamdi,P0041,Product 41,services,167.52
T000031,C00042,2025-02-15,464.4,card,P0068,C00042,Nour,Ben Ali,client41@example.com,+21620000041,sousse,34.0,2025-01-14,sousse,client41@example.com,C00042,34.0,+21620000041,2025-01-14,Nour Ben Ali,P0068,Product 68,software,138.72
T000032,C00093,2025-02-15,420.38,transfer,P0080,C00093,Adam,Hamdi,client92@example.com,+21620000092,paris,38.0,2025-01-09,paris,client92@example.com,C00093,38.0,,2025-01-09,Adam Hamdi,P0080,Product 80,,61.19
T000033,C00078,2025-02-15,,card,P0077,C00078,Amine,Mansour,client77@example.com,+21620000077,paris,60.0,2025-01-22,paris,client77@example.com,C00078,60.0,+21620000077,2025-01-22,Amine Mansour,P0077,Product 77,services,161.86
T000034,C00021,2025-02-15,28.89,card,P0062,C00021,Youssef,Trabelsi,client20@example.com,+21620000020,tunis,36.0,2025-01-21,tunis,client20@example.com,C00021,36.0,+21620000020,2025-01-21,Youssef Trabelsi,P0062,,hardware,86.29
T000035,C00068,2025-02-15,,transfer,P0006,C00068,Lina,Mansour,client67@example.com,+21620000067,sfax,36.0,2025-01-12,,client67@example.com,C00068,36.0,+21620000067,2025-01-12,Lina Mansour,P0006,Product 6,software,150.47
T000036,C00074,2025-02-15,79.33,transfer,P0073,C00074,Samar,Hamdi,client73@example.com,+21620000073,paris,39.0,2025-01-18,paris,client73@example.com,C00074,39.0,+21620000073,2025-01-18,Samar Hamdi,P0073,Product 73,software,69.03
T000037,C00034,2025-02-15,305.2,card,P0037,C00034,Youssef,Trabelsi,client33@example.com,+21620000033,paris,65.0,2025-01-06,,client33@example.com,C00034,65.0,,2025-01-06,Youssef Trabelsi,P0037,Product 37,software,14.6
T000038,C00074,2025-02-15,448.39,cash,P0075,C00074,Samar,Hamdi,client73@example.com,+21620000073,paris,39.0,2025-01-18,paris,client73@example.com,C00074,39.0,+21620000073,2025-01-18,Samar Hamdi,P0075,Product 75,software,170.47
T000039,C00090,2025-02-15,379.86,transfer,P0054,C00090,Nour,Ben Ali,client89@example.com,+21620000089,sfax,26.0,2025-01-06,sfax,client89@example.com,C00090,26.0,+21620000089,2025-01-06,Nour Ben Ali,P0054,Product 54,hardware,
T000040,C00082,2025-02-15,511.42,transfer,P0089,C00082,Lina,Mansour,client81@example.com,+21620000081,sfax,71.0,2025-01-26,sfax,client81@example.com,C00082,71.0,+21620000081,2025-01-26,Lina Mansour,P0089,Product 89,services,21.48
T000041,C00077,2025-02-15,97.35,transfer,P0034,C00077,Amine,Hamdi,client76@example.com,+21620000076,,59.0,2025-01-21,sfax,client76@example.com,C00077,59.0,+21620000076,2025-01-21,Amine Hamdi,P0034,Product 34,hardware,53.63
T000042,C00064,2025-02-15,442.1,cash,P0094,C00064,Adam,Trabelsi,client63@example.com,+21620000063,paris,,2025-01-08,paris,client63@example.com,C00064,68.0,+21620000063,2025-01-08,Adam Trabelsi,P0094,Product 94,software,120.77
T000043,C00028,2025-02-15,119.86,cash,P0085,C00028,Nour,Hamdi,,+21620000027,sousse,20.0,2025-01-28,sousse,client27@example.com,C00028,20.0,+21620000027,2025-01-28,Nour Hamdi,P0085,Product 85,software,30.76
T000044,C00080,2025-02-15,166.1,transfer,P0034,C00080,,Trabelsi,client79@example.com,+21620000079,tunis,32.0,,tunis,client79@example.com,C00080,32.0,+21620000079,2025-01-24,Nour Trabelsi,P0034,Product 34,hardware,53.63
T000045,C00037,2025-02-15,,card,P0049,C00037,Adam,Hamdi,client36@example.com,+21620000036,sousse,72.0,,sousse,client36@example.com,C00037,72.0,+21620000036,2025-01-09,Adam Hamdi,P0049,Product 49,software,157.0
T000046,C00054,2025-02-15,588.22,card,P0054,C00054,Lina,Ben Ali,client53@example.com,+21620000053,sfax,42.0,2025-01-26,sfax,client53@example.com,C00054,42.0,+21620000053,2025-01-26,Lina Ben Ali,P0054,Product 54,hardware,
T000047,C00032,2025-02-15,368.87,cash,P0077,C00032,Amine,Trabelsi,client31@example.com,+21620000031,paris,39.0,2025-01-04,paris,client31@example.com,C00032,39.0,+21620000031,2025-01-04,,P0077,Product 77,services,161.86
T000048,C00032,2025-02-15,37.43,transfer,P0069,C00032,Amine,Trabelsi,client31@example.com,+21620000031,paris,39.0,2025-01-04,paris,client31@example.com,C00032,39.0,+21620000031,2025-01-04,,P0069,Product 69,hardware,62.89
T000049,C00016,2025-02-15,371.7,card,P0086,C00016,Nour,Trabelsi,client15@example.com,+21620000015,sfax,55.0,2025-01-16,,client15@example.com,C00016,55.0,+21620000015,2025-01-16,Nour Trabelsi,P0086,Product 86,hardware,124.8
T000050,C00097,2025-02-15,30.2,cash,P0037,C00097,Amine,Ben Ali,client96@example.com,+21620000096,paris,20.0,2025-01-13,paris,client96@example.com,C00097,20.0,+21620000096,2025-01-13,Amine Ben Ali,P0037,Product 37,software,14.6
T000051,C00015,2025-02-15,531.07,cash,P0051,C00015,Nour,Trabelsi,client14@example.com,+21620000014,sousse,31.0,2025-01-15,sousse,client14@example.com,C00015,31.0,+21620000014,,Nour Trabelsi,P0051,Product 51,services,156.9
T000052,C00009,2025-02-15,427.2,cash,P0044,C00009,Amine,Trabelsi,client8@example.com,+21620000008,sfax,35.0,2025-01-09,sfax,client8@example.com,C00009,35.0,+21620000008,2025-01-09,Amine Trabelsi,P0044,Product 44,software,24.33
T000053,C00094,2025-02-15,108.01,transfer,P0091,C00094,Lina,Ben Ali,client93@example.com,+21620000093,sfax,52.0,2025-01-10,sfax,client93@example.com,C00094,52.0,+21620000093,2025-01-10,Lina Ben Ali,P0091,Product 91,services,31.79
T000054,C00056,2025-02-15,59.57,card,P0031,C00056,Samar,Hamdi,client55@example.com,+21620000055,tunis,74.0,2025-01-28,tunis,client55@example.com,C00056,74.0,,,Samar Hamdi,P0031,Product 31,hardware,13.48
T000055,C00044,2025-02-15,114.2,transfer,P0059,C00044,Lina,Trabelsi,client43@example.com,+21620000043,sousse,47.0,2025-01-16,sousse,client43@example.com,C00044,47.0,+21620000043,2025-01-16,Lina Trabelsi,P0059,Product 59,services,56.96
T000056,C00074,2025-02-15,588.12,cash,P0013,C00074,Samar,Hamdi,client73@example.com,+21620000073,paris,39.0,2025-01-18,paris,client73@example.com,C00074,39.0,+21620000073,2025-01-18,Samar Hamdi,P0013,Product 13,hardware,
T000057,C00039,2025-02-15,277.84,,P0086,C00039,Amine,Ben Ali,client38@example.com,+21620000038,sfax,29.0,2025-01-11,sfax,client38@example.com,C00039,29.0,+21620000038,2025-01-11,Amine Ben Ali,P0086,Product 86,hardware,124.8
T000058,C00013,2025-02-15,471.53,cash,P0039,C00013,Nour,Trabelsi,client12@example.com,+21620000012,paris,24.0,2025-01-13,paris,client12@example.com,C00013,24.0,+21620000012,2025-01-13,Nour Trabelsi,P0039,Product 39,hardware,107.13
T000059,C00073,2025-02-15,383.66,card,P0035,C00073,Lina,Hamdi,client72@example.com,+21620000072,tunis,41.0,2025-01-17,tunis,,C00073,,+21620000072,2025-01-17,Lina Hamdi,P0035,Product 35,software,116.39
T000060,C00018,2025-02-15,345.59,transfer,P0059,C00018,Samar,Mansour,client17@example.com,+21620000017,tunis,59.0,2025-01-18,tunis,client17@example.com,C00018,59.0,+21620000017,2025-01-18,Samar Mansour,P0059,Product 59,services,56.96
T000061,C00056,2025-02-15,91.35,transfer,P0050,C00056,Samar,Hamdi,client55@example.com,+21620000055,tunis,74.0,2025-01-28,tunis,client55@example.com,C00056,74.0,,,Samar Hamdi,P0050,Product 50,hardware,130.28
T000062,C00095,2025-02-15,567.88,card,P0085,C00095,Adam,Karoui,client94@example.com,+21620000094,sousse,59.0,,sousse,client94@example.com,C00095,59.0,+21620000094,2025-01-11,Adam Karoui,P0085,Product 85,software,30.76
T000063,C00094,2025-02-15,184.3,transfer,P0054,C00094,Lina,Ben Ali,client93@example.com,+21620000093,sfax,52.0,2025-01-10,sfax,client93@example.com,C00094,52.0,+21620000093,2025-01-10,Lina Ben Ali,P0054,Product 54,hardware,
T000064,C00037,2025-02-15,348.92,transfer,P0052,C00037,Adam,Hamdi,client36@example.com,+21620000036,sousse,72.0,,sousse,client36@example.com,C00037,72.0,+21620000036,2025-01-09,Adam Hamdi,P0052,Product 52,services,31.24
T000065,C00079,2025-02-15,421.37,cash,P0011,C00079,Youssef,Karoui,client78@example.com,+21620000078,tunis,39.0,2025-01-23,tunis,client78@example.com,C00079,39.0,+21620000078,2025-01-23,,P0011,Product 11,hardware,33.5
T000066,C00062,2025-02-15,391.29,transfer,P0003,C00062,Nour,Hamdi,client61@example.com,,tunis,68.0,2025-01-06,tunis,client61@example.com,C00062,68.0,+21620000061,2025-01-06,Nour Hamdi,P0003,Product 3,hardware,93.51
T000067,C00048,2025-02-15,564.65,cash,P0040,C00048,Adam,Ben Ali,client47@example.com,+21620000047,sfax,71.0,2025-01-20,sfax,client47@example.com,C00048,71.0,+21620000047,2025-01-20,Adam Ben Ali,P0040,Product 40,software,24.83
T000068,C00014,2025-02-15,93.32,cash,P0100,C00014,Nour,Trabelsi,client13@example.com,+21620000013,sfax,34.0,2025-01-14,sfax,client13@example.com,C00014,34.0,+21620000013,2025-01-14,Nour Trabelsi,P0100,Product 100,software,
T000069,C00038,2025-02-15,307.47,card,P0092,C00038,Nour,Mansour,client37@example.com,+21620000037,sfax,,2025-01-10,sfax,client37@example.com,C00038,36.0,+21620000037,,Nour Mansour,P0092,,services,191.98
T000070,C00066,2025-02-15,245.4,transfer,P0063,C00066,Amine,Karoui,client65@example.com,+21620000065,sousse,47.0,2025-01-10,sousse,client65@example.com,C00066,47.0,+21620000065,2025-01-10,Amine Karoui,P0063,Product 63,services,50.35
T000071,C00099,2025-02-15,287.13,card,P0064,C00099,Youssef,Ben Ali,client98@example.com,+21620000098,,33.0,2025-01-15,sfax,client98@example.com,C00099,,+21620000098,2025-01-15,Youssef Ben Ali,P0064,Product 64,software,76.66
T000072,C00001,2025-02-15,75.93,transfer,P0040,C00001,Samar,Karoui,,+21620000000,sfax,38.0,2025-01-01,sfax,client0@example.com,C00001,,+21620000000,2025-01-01,Samar Karoui,P0040,Product 40,software,24.83
T000073,C00072,,84.79,cash,P0018,C00072,Amine,Mansour,client71@example.com,+21620000071,tunis,55.0,,tunis,client71@example.com,C00072,55.0,+21620000071,2025-01-16,Amine Mansour,P0018,Product 18,hardware,34.95
T000074,C00085,2025-02-15,170.45,cash,P0001,C00085,Youssef,Trabelsi,client84@example.com,+21620000084,sfax,19.0,2025-01-01,sfax,client84@example.com,C00085,19.0,+21620000084,2025-01-01,Youssef Trabelsi,P0001,Product 1,services,132.13
T000075,C00096,2025-02-15,186.3,card,P0034,C00096,Amine,,client95@example.com,+21620000095,sousse,67.0,,sousse,client95@example.com,C00096,67.0,+21620000095,2025-01-12,Amine Mansour,P0034,Product 34,hardware,53.63
T000076,C00043,2025-02-15,259.6,transfer,P0032,C00043,Nour,Ben Ali,client42@example.com,+21620000042,tunis,53.0,2025-01-15,tunis,client42@example.com,C00043,53.0,+21620000042,2025-01-15,Nour Ben Ali,P0032,Product 32,services,40.39
T000077,C00012,2025-02-15,368.54,card,P0020,C00012,Adam,Hamdi,client11@example.com,+21620000011,,56.0,2025-01-12,sousse,,C00012,56.0,+21620000011,2025-01-12,Adam Hamdi,P0020,Product 20,software,9.12
T000078,C00028,2025-02-15,382.6,,P0026,C00028,Nour,Hamdi,,+21620000027,sousse,20.0,2025-01-28,sousse,client27@example.com,C00028,20.0,+21620000027,2025-01-28,Nour Hamdi,P0026,Product 26,hardware,81.76
T000079,C00086,2025-02-15,250.03,transfer,P0003,C00086,Nour,Trabelsi,client85@example.com,+21620000085,paris,24.0,2025-01-02,paris,client85@example.com,C00086,24.0,+21620000085,2025-01-02,,P0003,Product 3,hardware,93.51
T000080,C00088,2025-02-15,248.23,transfer,P0061,C00088,Amine,Ben Ali,client87@example.com,+21620000087,sousse,65.0,2025-01-04,sousse,client87@example.com,C00088,65.0,+21620000087,,Amine Ben Ali,P0061,,,98.19
T000081,C00064,2025-02-15,134.49,transfer,P0093,C00064,Adam,Trabelsi,client63@example.com,+21620000063,paris,,2025-01-08,paris,client63@example.com,C00064,68.0,+21620000063,2025-01-08,Adam Trabelsi,P0093,Product 93,services,161.17
T000082,C00013,2025-02-15,355.04,transfer,P0070,C00013,Nour,Trabelsi,client12@example.com,+21620000012,paris,24.0,2025-01-13,paris,client12@example.com,C00013,24.0,+21620000012,2025-01-13,Nour Trabelsi,P0070,Product 70,services,
T000083,C00013,2025-02-15,193.64,cash,P0045,C00013,Nour,Trabelsi,client12@example.com,+21620000012,paris,24.0,2025-01-13,paris,client12@example.com,C00013,24.0,+21620000012,2025-01-13,Nour Trabelsi,P0045,Product 45,software,169.5
T000084,C00048,2025-02-15,26.46,card,P0043,C00048,Adam,Ben Ali,client47@example.com,+21620000047,sfax,71.0,2025-01-20,sfax,client47@example.com,C00048,71.0,+21620000047,2025-01-20,Adam Ben Ali,P0043,Product 43,hardware,185.34
T000085,C00059,2025-02-15,253.95,transfer,P0031,C00059,Nour,Trabelsi,client58@example.com,+21620000058,tunis,23.0,2025-01-03,tunis,client58@example.com,C00059,23.0,,2025-01-03,Nour Trabelsi,P0031,Product 31,hardware,13.48
T000086,C00004,2025-02-15,287.11,transfer,P0015,C00004,Lina,Mansour,client3@example.com,+21620000003,sousse,,2025-01-04,sousse,client3@example.com,C00004,,+21620000003,2025-01-04,Lina Mansour,P0015,Product 15,hardware,184.59
T000087,C00069,2025-02-15,139.23,transfer,P0060,C00069,Samar,Ben Ali,client68@example.com,+21620000068,sousse,19.0,2025-01-13,sousse,client68@example.com,C00069,19.0,+21620000068,2025-01-13,Samar Ben Ali,P0060,Product 60,hardware,32.25
T000088,C00055,2025-02-15,345.61,cash,P0057,C00055,Lina,Trabelsi,client54@example.com,+21620000054,sousse,73.0,2025-01-27,sousse,client54@example.com,C00055,,+21620000054,2025-01-27,Lina Trabelsi,P0057,Product 57,hardware,80.09
T000089,C00002,,341.63,card,P0001,C00002,Nour,Mansour,,+21620000001,paris,65.0,2025-01-02,paris,,C00002,65.0,+21620000001,2025-01-02,Nour Mansour,P0001,Product 1,services,132.13
T000090,C00010,2025-02-15,422.69,,P0042,C00010,Samar,Hamdi,client9@example.com,+21620000009,paris,24.0,2025-01-10,paris,client9@example.com,C00010,24.0,+21620000009,2025-01-10,Samar Hamdi,P0042,Product 42,hardware,15.13
T000091,C00046,2025-02-15,390.53,cash,P0028,C00046,Adam,Karoui,client45@example.com,+21620000045,tunis,32.0,2025-01-18,tunis,client45@example.com,C00046,32.0,+21620000045,2025-01-18,Adam Karoui,P0028,Product 28,services,103.38
T000092,C00073,2025-02-15,393.2,transfer,P0018,C00073,Lina,Hamdi,client72@example.com,+21620000072,tunis,41.0,2025-01-17,tunis,,C00073,,+21620000072,2025-01-17,Lina Hamdi,P0018,Product 18,hardware,34.95
T000093,C00083,2025-02-15,193.15,cash,P0071,C00083,Samar,Trabelsi,client82@example.com,+21620000082,sousse,72.0,2025-01-27,sousse,client82@example.com,C00083,72.0,+21620000082,2025-01-27,Samar Trabelsi,P0071,Product 71,services,183.69
T000094,C00044,,473.52,card,P0053,C00044,Lina,Trabelsi,client43@example.com,+21620000043,sousse,47.0,2025-01-16,sousse,client43@example.com,C00044,47.0,+21620000043,2025-01-16,Lina Trabelsi,P0053,Product 53,software,109.53
T000095,C00030,2025-02-15,331.74,card,P0064,C00030,Lina,Hamdi,client29@example.com,+21620000029,tunis,49.0,2025-01-02,,client29@example.com,C00030,49.0,+21620000029,2025-01-02,Lina Hamdi,P0064,Product 64,software,76.66
T000096,C00097,2025-02-15,261.69,transfer,P0072,C00097,Amine,Ben Ali,client96@example.com,+21620000096,paris,20.0,2025-01-13,paris,client96@example.com,C00097,20.0,+21620000096,2025-01-13,Amine Ben Ali,P0072,,services,98.78
T000097,C00046,2025-02-15,377.48,transfer,P0099,C00046,Adam,Karoui,client45@example.com,+21620000045,tunis,32.0,2025-01-18,tunis,client45@example.com,C00046,32.0,+21620000045,2025-01-18,Adam Karoui,P0099,Product 99,services,120.06
T000098,C00032,2025-02-15,219.59,card,P0081,C00032,Amine,Trabelsi,client31@example.com,+21620000031,paris,39.0,2025-01-04,paris,client31@example.com,C00032,39.0,+21620000031,2025-01-04,,P0081,Product 81,hardware,148.3
T000099,C00045,,310.08,cash,P0063,C00045,Samar,,client44@example.com,+21620000044,sousse,69.0,2025-01-17,sousse,client44@example.com,C00045,69.0,+21620000044,2025-01-17,Samar Karoui,P0063,Product 63,services,50.35
