row,column,before,after,reason,operation
8,location, SFAX ,SFAX,Normalize surrounding spaces and blank cells in location; 12 formatting anomalies detected. Identifier case and leading zeros are retained. Reused from a prior validated recipe with matching semantic class.,strip
17,location, TUNIS ,TUNIS,Normalize surrounding spaces and blank cells in location; 12 formatting anomalies detected. Identifier case and leading zeros are retained. Reused from a prior validated recipe with matching semantic class.,strip
18,location, Sfax ,Sfax,Normalize surrounding spaces and blank cells in location; 12 formatting anomalies detected. Identifier case and leading zeros are retained. Reused from a prior validated recipe with matching semantic class.,strip
19,location, PARIS ,PARIS,Normalize surrounding spaces and blank cells in location; 12 formatting anomalies detected. Identifier case and leading zeros are retained. Reused from a prior validated recipe with matching semantic class.,strip
26,location, Paris ,Paris,Normalize surrounding spaces and blank cells in location; 12 formatting anomalies detected. Identifier case and leading zeros are retained. Reused from a prior validated recipe with matching semantic class.,strip
32,location, Tunis ,Tunis,Normalize surrounding spaces and blank cells in location; 12 formatting anomalies detected. Identifier case and leading zeros are retained. Reused from a prior validated recipe with matching semantic class.,strip
43,location, Sousse ,Sousse,Normalize surrounding spaces and blank cells in location; 12 formatting anomalies detected. Identifier case and leading zeros are retained. Reused from a prior validated recipe with matching semantic class.,strip
46,location, Paris ,Paris,Normalize surrounding spaces and blank cells in location; 12 formatting anomalies detected. Identifier case and leading zeros are retained. Reused from a prior validated recipe with matching semantic class.,strip
54,location, SOUSSE ,SOUSSE,Normalize surrounding spaces and blank cells in location; 12 formatting anomalies detected. Identifier case and leading zeros are retained. Reused from a prior validated recipe with matching semantic class.,strip
69,location, Sousse ,Sousse,Normalize surrounding spaces and blank cells in location; 12 formatting anomalies detected. Identifier case and leading zeros are retained. Reused from a prior validated recipe with matching semantic class.,strip
82,location, SOUSSE ,SOUSSE,Normalize surrounding spaces and blank cells in location; 12 formatting anomalies detected. Identifier case and leading zeros are retained. Reused from a prior validated recipe with matching semantic class.,strip
96,location, Paris ,Paris,Normalize surrounding spaces and blank cells in location; 12 formatting anomalies detected. Identifier case and leading zeros are retained. Reused from a prior validated recipe with matching semantic class.,strip
0,location,Sfax,sfax,Canonical casefolded categories; 99 noncanonical cells. No fuzzy merging of distinct categories. Reused from a prior validated recipe with matching semantic class.,normalize_categories
1,location,Paris,paris,Canonical casefolded categories; 99 noncanonical cells. No fuzzy merging of distinct categories. Reused from a prior validated recipe with matching semantic class.,normalize_categories
2,location,Sfax,sfax,Canonical casefolded categories; 99 noncanonical cells. No fuzzy merging of distinct categories. Reused from a prior validated recipe with matching semantic class.,normalize_categories
3,location,Sousse,sousse,Canonical casefolded categories; 99 noncanonical cells. No fuzzy merging of distinct categories. Reused from a prior validated recipe with matching semantic class.,normalize_categories
5,location,Sfax,sfax,Canonical casefolded categories; 99 noncanonical cells. No fuzzy merging of distinct categories. Reused from a prior validated recipe with matching semantic class.,normalize_categories
6,location,PARIS,paris,Canonical casefolded categories; 99 noncanonical cells. No fuzzy merging of distinct categories. Reused from a prior validated recipe with matching semantic class.,normalize_categories
7,location,Paris,paris,Canonical casefolded categories; 99 noncanonical cells. No fuzzy merging of distinct categories. Reused from a prior validated recipe with matching semantic class.,normalize_categories
8,location,SFAX,sfax,Canonical casefolded categories; 99 noncanonical cells. No fuzzy merging of distinct categories. Reused from a prior validated recipe with matching semantic class.,normalize_categories
9,location,PARIS,paris,Canonical casefolded categories; 99 noncanonical cells. No fuzzy merging of distinct categories. Reused from a prior validated recipe with matching semantic class.,normalize_categories
10,location,SFAX,sfax,Canonical casefolded categories; 99 noncanonical cells. No fuzzy merging of distinct categories. Reused from a prior validated recipe with matching semantic class.,normalize_categories
11,location,Sousse,sousse,Canonical casefolded categories; 99 noncanonical cells. No fuzzy merging of distinct categories. Reused from a prior validated recipe with matching semantic class.,normalize_categories
12,location,PARIS,paris,Canonical casefolded categories; 99 noncanonical cells. No fuzzy merging of distinct categories. Reused from a prior validated recipe with matching semantic class.,normalize_categories
13,location,Sfax,sfax,Canonical casefolded categories; 99 noncanonical cells. No fuzzy merging of distinct categories. Reused from a prior validated recipe with matching semantic class.,normalize_categories
14,location,Sousse,sousse,Canonical casefolded categories; 99 noncanonical cells. No fuzzy merging of distinct categories. Reused from a prior validated recipe with matching semantic class.,normalize_categories
16,location,TUNIS,tunis,Canonical casefolded categories; 99 noncanonical cells. No fuzzy merging of distinct categories. Reused from a prior validated recipe with matching semantic class.,normalize_categories
17,location,TUNIS,tunis,Canonical casefolded categories; 99 noncanonical cells. No fuzzy merging of distinct categories. Reused from a prior validated recipe with matching semantic class.,normalize_categories
18,location,Sfax,sfax,Canonical casefolded categories; 99 noncanonical cells. No fuzzy merging of distinct categories. Reused from a prior validated recipe with matching semantic class.,normalize_categories
19,location,PARIS,paris,Canonical casefolded categories; 99 noncanonical cells. No fuzzy merging of distinct categories. Reused from a prior validated recipe with matching semantic class.,normalize_categories
20,location,Tunis,tunis,Canonical casefolded categories; 99 noncanonical cells. No fuzzy merging of distinct categories. Reused from a prior validated recipe with matching semantic class.,normalize_categories
21,location,SFAX,sfax,Canonical casefolded categories; 99 noncanonical cells. No fuzzy merging of distinct categories. Reused from a prior validated recipe with matching semantic class.,normalize_categories
22,location,SOUSSE,sousse,Canonical casefolded categories; 99 noncanonical cells. No fuzzy merging of distinct categories. Reused from a prior validated recipe with matching semantic class.,normalize_categories
23,location,Tunis,tunis,Canonical casefolded categories; 99 noncanonical cells. No fuzzy merging of distinct categories. Reused from a prior validated recipe with matching semantic class.,normalize_categories
24,location,SOUSSE,sousse,Canonical casefolded categories; 99 noncanonical cells. No fuzzy merging of distinct categories. Reused from a prior validated recipe with matching semantic class.,normalize_categories
25,location,Sfax,sfax,Canonical casefolded categories; 99 noncanonical cells. No fuzzy merging of distinct categories. Reused from a prior validated recipe with matching semantic class.,normalize_categories
26,location,Paris,paris,Canonical casefolded categories; 99 noncanonical cells. No fuzzy merging of distinct categories. Reused from a prior validated recipe with matching semantic class.,normalize_categories
27,location,Sousse,sousse,Canonical casefolded categories; 99 noncanonical cells. No fuzzy merging of distinct categories. Reused from a prior validated recipe with matching semantic class.,normalize_categories
28,location,Sousse,sousse,Canonical casefolded categories; 99 noncanonical cells. No fuzzy merging of distinct categories. Reused from a prior validated recipe with matching semantic class.,normalize_categories
30,location,Sfax,sfax,Canonical casefolded categories; 99 noncanonical cells. No fuzzy merging of distinct categories. Reused from a prior validated recipe with matching semantic class.,normalize_categories
31,location,PARIS,paris,Canonical casefolded categories; 99 noncanonical cells. No fuzzy merging of distinct categories. Reused from a prior validated recipe with matching semantic class.,normalize_categories
32,location,Tunis,tunis,Canonical casefolded categories; 99 noncanonical cells. No fuzzy merging of distinct categories. Reused from a prior validated recipe with matching semantic class.,normalize_categories
34,location,Sfax,sfax,Canonical casefolded categories; 99 noncanonical cells. No fuzzy merging of distinct categories. Reused from a prior validated recipe with matching semantic class.,normalize_categories
35,location,SOUSSE,sousse,Canonical casefolded categories; 99 noncanonical cells. No fuzzy merging of distinct categories. Reused from a prior validated recipe with matching semantic class.,normalize_categories
36,location,Sousse,sousse,Canonical casefolded categories; 99 noncanonical cells. No fuzzy merging of distinct categories. Reused from a prior validated recipe with matching semantic class.,normalize_categories
37,location,Sfax,sfax,Canonical casefolded categories; 99 noncanonical cells. No fuzzy merging of distinct categories. Reused from a prior validated recipe with matching semantic class.,normalize_categories
38,location,SFAX,sfax,Canonical casefolded categories; 99 noncanonical cells. No fuzzy merging of distinct categories. Reused from a prior validated recipe with matching semantic class.,normalize_categories
39,location,Sousse,sousse,Canonical casefolded categories; 99 noncanonical cells. No fuzzy merging of distinct categories. Reused from a prior validated recipe with matching semantic class.,normalize_categories
40,location,Tunis,tunis,Canonical casefolded categories; 99 noncanonical cells. No fuzzy merging of distinct categories. Reused from a prior validated recipe with matching semantic class.,normalize_categories
41,location,Sousse,sousse,Canonical casefolded categories; 99 noncanonical cells. No fuzzy merging of distinct categories. Reused from a prior validated recipe with matching semantic class.,normalize_categories
42,location,TUNIS,tunis,Canonical casefolded categories; 99 noncanonical cells. No fuzzy merging of distinct categories. Reused from a prior validated recipe with matching semantic class.,normalize_categories
43,location,Sousse,sousse,Canonical casefolded categories; 99 noncanonical cells. No fuzzy merging of distinct categories. Reused from a prior validated recipe with matching semantic class.,normalize_categories
44,location,Sousse,sousse,Canonical casefolded categories; 99 noncanonical cells. No fuzzy merging of distinct categories. Reused from a prior validated recipe with matching semantic class.,normalize_categories
45,location,TUNIS,tunis,Canonical casefolded categories; 99 noncanonical cells. No fuzzy merging of distinct categories. Reused from a prior validated recipe with matching semantic class.,normalize_categories
46,location,Paris,paris,Canonical casefolded categories; 99 noncanonical cells. No fuzzy merging of distinct categories. Reused from a prior validated recipe with matching semantic class.,normalize_categories
47,location,SFAX,sfax,Canonical casefolded categories; 99 noncanonical cells. No fuzzy merging of distinct categories. Reused from a prior validated recipe with matching semantic class.,normalize_categories
48,location,Paris,paris,Canonical casefolded categories; 99 noncanonical cells. No fuzzy merging of distinct categories. Reused from a prior validated recipe with matching semantic class.,normalize_categories
49,location,Tunis,tunis,Canonical casefolded categories; 99 noncanonical cells. No fuzzy merging of distinct categories. Reused from a prior validated recipe with matching semantic class.,normalize_categories
50,location,Tunis,tunis,Canonical casefolded categories; 99 noncanonical cells. No fuzzy merging of distinct categories. Reused from a prior validated recipe with matching semantic class.,normalize_categories
51,location,Sfax,sfax,Canonical casefolded categories; 99 noncanonical cells. No fuzzy merging of distinct categories. Reused from a prior validated recipe with matching semantic class.,normalize_categories
52,location,Tunis,tunis,Canonical casefolded categories; 99 noncanonical cells. No fuzzy merging of distinct categories. Reused from a prior validated recipe with matching semantic class.,normalize_categories
53,location,SFAX,sfax,Canonical casefolded categories; 99 noncanonical cells. No fuzzy merging of distinct categories. Reused from a prior validated recipe with matching semantic class.,normalize_categories
54,location,SOUSSE,sousse,Canonical casefolded categories; 99 noncanonical cells. No fuzzy merging of distinct categories. Reused from a prior validated recipe with matching semantic class.,normalize_categories
55,location,Tunis,tunis,Canonical casefolded categories; 99 noncanonical cells. No fuzzy merging of distinct categories. Reused from a prior validated recipe with matching semantic class.,normalize_categories
56,location,Sousse,sousse,Canonical casefolded categories; 99 noncanonical cells. No fuzzy merging of distinct categories. Reused from a prior validated recipe with matching semantic class.,normalize_categories
57,location,Tunis,tunis,Canonical casefolded categories; 99 noncanonical cells. No fuzzy merging of distinct categories. Reused from a prior validated recipe with matching semantic class.,normalize_categories
58,location,Tunis,tunis,Canonical casefolded categories; 99 noncanonical cells. No fuzzy merging of distinct categories. Reused from a prior validated recipe with matching semantic class.,normalize_categories
59,location,Sousse,sousse,Canonical casefolded categories; 99 noncanonical cells. No fuzzy merging of distinct categories. Reused from a prior validated recipe with matching semantic class.,normalize_categories
60,location,Paris,paris,Canonical casefolded categories; 99 noncanonical cells. No fuzzy merging of distinct categories. Reused from a prior validated recipe with matching semantic class.,normalize_categories
61,location,TUNIS,tunis,Canonical casefolded categories; 99 noncanonical cells. No fuzzy merging of distinct categories. Reused from a prior validated recipe with matching semantic class.,normalize_categories
62,location,Sfax,sfax,Canonical casefolded categories; 99 noncanonical cells. No fuzzy merging of distinct categories. Reused from a prior validated recipe with matching semantic class.,normalize_categories
63,location,Paris,paris,Canonical casefolded categories; 99 noncanonical cells. No fuzzy merging of distinct categories. Reused from a prior validated recipe with matching semantic class.,normalize_categories
64,location,PARIS,paris,Canonical casefolded categories; 99 noncanonical cells. No fuzzy merging of distinct categories. Reused from a prior validated recipe with matching semantic class.,normalize_categories
65,location,SOUSSE,sousse,Canonical casefolded categories; 99 noncanonical cells. No fuzzy merging of distinct categories. Reused from a prior validated recipe with matching semantic class.,normalize_categories
66,location,Sfax,sfax,Canonical casefolded categories; 99 noncanonical cells. No fuzzy merging of distinct categories. Reused from a prior validated recipe with matching semantic class.,normalize_categories
68,location,Sousse,sousse,Canonical casefolded categories; 99 noncanonical cells. No fuzzy merging of distinct categories. Reused from a prior validated recipe with matching semantic class.,normalize_categories
69,location,Sousse,sousse,Canonical casefolded categories; 99 noncanonical cells. No fuzzy merging of distinct categories. Reused from a prior validated recipe with matching semantic class.,normalize_categories
70,location,Sfax,sfax,Canonical casefolded categories; 99 noncanonical cells. No fuzzy merging of distinct categories. Reused from a prior validated recipe with matching semantic class.,normalize_categories
71,location,TUNIS,tunis,Canonical casefolded categories; 99 noncanonical cells. No fuzzy merging of distinct categories. Reused from a prior validated recipe with matching semantic class.,normalize_categories
72,location,Tunis,tunis,Canonical casefolded categories; 99 noncanonical cells. No fuzzy merging of distinct categories. Reused from a prior validated recipe with matching semantic class.,normalize_categories
73,location,Paris,paris,Canonical casefolded categories; 99 noncanonical cells. No fuzzy merging of distinct categories. Reused from a prior validated recipe with matching semantic class.,normalize_categories
74,location,Sfax,sfax,Canonical casefolded categories; 99 noncanonical cells. No fuzzy merging of distinct categories. Reused from a prior validated recipe with matching semantic class.,normalize_categories
75,location,SFAX,sfax,Canonical casefolded categories; 99 noncanonical cells. No fuzzy merging of distinct categories. Reused from a prior validated recipe with matching semantic class.,normalize_categories
76,location,Sfax,sfax,Canonical casefolded categories; 99 noncanonical cells. No fuzzy merging of distinct categories. Reused from a prior validated recipe with matching semantic class.,normalize_categories
77,location,Paris,paris,Canonical casefolded categories; 99 noncanonical cells. No fuzzy merging of distinct categories. Reused from a prior validated recipe with matching semantic class.,normalize_categories
78,location,Tunis,tunis,Canonical casefolded categories; 99 noncanonical cells. No fuzzy merging of distinct categories. Reused from a prior validated recipe with matching semantic class.,normalize_categories
79,location,Tunis,tunis,Canonical casefolded categories; 99 noncanonical cells. No fuzzy merging of distinct categories. Reused from a prior validated recipe with matching semantic class.,normalize_categories
80,location,SFAX,sfax,Canonical casefolded categories; 99 noncanonical cells. No fuzzy merging of distinct categories. Reused from a prior validated recipe with matching semantic class.,normalize_categories
81,location,Sfax,sfax,Canonical casefolded categories; 99 noncanonical cells. No fuzzy merging of distinct categories. Reused from a prior validated recipe with matching semantic class.,normalize_categories
82,location,SOUSSE,sousse,Canonical casefolded categories; 99 noncanonical cells. No fuzzy merging of distinct categories. Reused from a prior validated recipe with matching semantic class.,normalize_categories
83,location,Sfax,sfax,Canonical casefolded categories; 99 noncanonical cells. No fuzzy merging of distinct categories. Reused from a prior validated recipe with matching semantic class.,normalize_categories
84,location,SFAX,sfax,Canonical casefolded categories; 99 noncanonical cells. No fuzzy merging of distinct categories. Reused from a prior validated recipe with matching semantic class.,normalize_categories
85,location,PARIS,paris,Canonical casefolded categories; 99 noncanonical cells. No fuzzy merging of distinct categories. Reused from a prior validated recipe with matching semantic class.,normalize_categories
86,location,TUNIS,tunis,Canonical casefolded categories; 99 noncanonical cells. No fuzzy merging of distinct categories. Reused from a prior validated recipe with matching semantic class.,normalize_categories
87,location,Sousse,sousse,Canonical casefolded categories; 99 noncanonical cells. No fuzzy merging of distinct categories. Reused from a prior validated recipe with matching semantic class.,normalize_categories
88,location,Sousse,sousse,Canonical casefolded categories; 99 noncanonical cells. No fuzzy merging of distinct categories. Reused from a prior validated recipe with matching semantic class.,normalize_categories
89,location,SFAX,sfax,Canonical casefolded categories; 99 noncanonical cells. No fuzzy merging of distinct categories. Reused from a prior validated recipe with matching semantic class.,normalize_categories
90,location,PARIS,paris,Canonical casefolded categories; 99 noncanonical cells. No fuzzy merging of distinct categories. Reused from a prior validated recipe with matching semantic class.,normalize_categories
91,location,Sfax,sfax,Canonical casefolded categories; 99 noncanonical cells. No fuzzy merging of distinct categories. Reused from a prior validated recipe with matching semantic class.,normalize_categories
92,location,Paris,paris,Canonical casefolded categories; 99 noncanonical cells. No fuzzy merging of distinct categories. Reused from a prior validated recipe with matching semantic class.,normalize_categories
93,location,Sfax,sfax,Canonical casefolded categories; 99 noncanonical cells. No fuzzy merging of distinct categories. Reused from a prior validated recipe with matching semantic class.,normalize_categories
94,location,SOUSSE,sousse,Canonical casefolded categories; 99 noncanonical cells. No fuzzy merging of distinct categories. Reused from a prior validated recipe with matching semantic class.,normalize_categories
95,location,Sousse,sousse,Canonical casefolded categories; 99 noncanonical cells. No fuzzy merging of distinct categories. Reused from a prior validated recipe with matching semantic class.,normalize_categories
96,location,Paris,paris,Canonical casefolded categories; 99 noncanonical cells. No fuzzy merging of distinct categories. Reused from a prior validated recipe with matching semantic class.,normalize_categories
97,location,Sfax,sfax,Canonical casefolded categories; 99 noncanonical cells. No fuzzy merging of distinct categories. Reused from a prior validated recipe with matching semantic class.,normalize_categories
98,location,Sfax,sfax,Canonical casefolded categories; 99 noncanonical cells. No fuzzy merging of distinct categories. Reused from a prior validated recipe with matching semantic class.,normalize_categories
99,location,Tunis,tunis,Canonical casefolded categories; 99 noncanonical cells. No fuzzy merging of distinct categories. Reused from a prior validated recipe with matching semantic class.,normalize_categories
100,location,Sfax,sfax,Canonical casefolded categories; 99 noncanonical cells. No fuzzy merging of distinct categories. Reused from a prior validated recipe with matching semantic class.,normalize_categories
101,location,Paris,paris,Canonical casefolded categories; 99 noncanonical cells. No fuzzy merging of distinct categories. Reused from a prior validated recipe with matching semantic class.,normalize_categories
102,location,Sfax,sfax,Canonical casefolded categories; 99 noncanonical cells. No fuzzy merging of distinct categories. Reused from a prior validated recipe with matching semantic class.,normalize_categories
103,location,Sousse,sousse,Canonical casefolded categories; 99 noncanonical cells. No fuzzy merging of distinct categories. Reused from a prior validated recipe with matching semantic class.,normalize_categories
5,email_address, CLIENT5@EXAMPLE.COM ,CLIENT5@EXAMPLE.COM,Normalize surrounding spaces and blank cells in email_address; 38 formatting anomalies detected. Identifier case and leading zeros are retained. Reused from a prior validated recipe with matching semantic class.,strip
13,email_address, client13@example.com ,client13@example.com,Normalize surrounding spaces and blank cells in email_address; 38 formatting anomalies detected. Identifier case and leading zeros are retained. Reused from a prior validated recipe with matching semantic class.,strip
16,email_address, CLIENT16@EXAMPLE.COM ,CLIENT16@EXAMPLE.COM,Normalize surrounding spaces and blank cells in email_address; 38 formatting anomalies detected. Identifier case and leading zeros are retained. Reused from a prior validated recipe with matching semantic class.,strip
17,email_address, client17@example.com ,client17@example.com,Normalize surrounding spaces and blank cells in email_address; 38 formatting anomalies detected. Identifier case and leading zeros are retained. Reused from a prior validated recipe with matching semantic class.,strip
23,email_address, client23@example.com ,client23@example.com,Normalize surrounding spaces and blank cells in email_address; 38 formatting anomalies detected. Identifier case and leading zeros are retained. Reused from a prior validated recipe with matching semantic class.,strip
38,email_address, CLIENT38@EXAMPLE.COM ,CLIENT38@EXAMPLE.COM,Normalize surrounding spaces and blank cells in email_address; 38 formatting anomalies detected. Identifier case and leading zeros are retained. Reused from a prior validated recipe with matching semantic class.,strip
42,email_address, CLIENT42@EXAMPLE.COM ,CLIENT42@EXAMPLE.COM,Normalize surrounding spaces and blank cells in email_address; 38 formatting anomalies detected. Identifier case and leading zeros are retained. Reused from a prior validated recipe with matching semantic class.,strip
55,email_address, client55@example.com ,client55@example.com,Normalize surrounding spaces and blank cells in email_address; 38 formatting anomalies detected. Identifier case and leading zeros are retained. Reused from a prior validated recipe with matching semantic class.,strip
59,email_address, client59@example.com ,client59@example.com,Normalize surrounding spaces and blank cells in email_address; 38 formatting anomalies detected. Identifier case and leading zeros are retained. Reused from a prior validated recipe with matching semantic class.,strip
70,email_address, client70@example.com ,client70@example.com,Normalize surrounding spaces and blank cells in email_address; 38 formatting anomalies detected. Identifier case and leading zeros are retained. Reused from a prior validated recipe with matching semantic class.,strip
75,email_address, client75@example.com ,client75@example.com,Normalize surrounding spaces and blank cells in email_address; 38 formatting anomalies detected. Identifier case and leading zeros are retained. Reused from a prior validated recipe with matching semantic class.,strip
86,email_address, CLIENT86@EXAMPLE.COM ,CLIENT86@EXAMPLE.COM,Normalize surrounding spaces and blank cells in email_address; 38 formatting anomalies detected. Identifier case and leading zeros are retained. Reused from a prior validated recipe with matching semantic class.,strip
0,email_address,CLIENT0@EXAMPLE.COM,client0@example.com,Normalize email case under the demo policy. Reused from a prior validated recipe with matching semantic class.,lowercase
2,email_address,CLIENT2@EXAMPLE.COM,client2@example.com,Normalize email case under the demo policy. Reused from a prior validated recipe with matching semantic class.,lowercase
5,email_address,CLIENT5@EXAMPLE.COM,client5@example.com,Normalize email case under the demo policy. Reused from a prior validated recipe with matching semantic class.,lowercase
8,email_address,CLIENT8@EXAMPLE.COM,client8@example.com,Normalize email case under the demo policy. Reused from a prior validated recipe with matching semantic class.,lowercase
14,email_address,CLIENT14@EXAMPLE.COM,client14@example.com,Normalize email case under the demo policy. Reused from a prior validated recipe with matching semantic class.,lowercase
15,email_address,CLIENT15@EXAMPLE.COM,client15@example.com,Normalize email case under the demo policy. Reused from a prior validated recipe with matching semantic class.,lowercase
16,email_address,CLIENT16@EXAMPLE.COM,client16@example.com,Normalize email case under the demo policy. Reused from a prior validated recipe with matching semantic class.,lowercase
20,email_address,CLIENT20@EXAMPLE.COM,client20@example.com,Normalize email case under the demo policy. Reused from a prior validated recipe with matching semantic class.,lowercase
24,email_address,CLIENT24@EXAMPLE.COM,client24@example.com,Normalize email case under the demo policy. Reused from a prior validated recipe with matching semantic class.,lowercase
31,email_address,CLIENT31@EXAMPLE.COM,client31@example.com,Normalize email case under the demo policy. Reused from a prior validated recipe with matching semantic class.,lowercase
32,email_address,CLIENT32@EXAMPLE.COM,client32@example.com,Normalize email case under the demo policy. Reused from a prior validated recipe with matching semantic class.,lowercase
36,email_address,CLIENT36@EXAMPLE.COM,client36@example.com,Normalize email case under the demo policy. Reused from a prior validated recipe with matching semantic class.,lowercase
38,email_address,CLIENT38@EXAMPLE.COM,client38@example.com,Normalize email case under the demo policy. Reused from a prior validated recipe with matching semantic class.,lowercase
42,email_address,CLIENT42@EXAMPLE.COM,client42@example.com,Normalize email case under the demo policy. Reused from a prior validated recipe with matching semantic class.,lowercase
44,email_address,CLIENT44@EXAMPLE.COM,client44@example.com,Normalize email case under the demo policy. Reused from a prior validated recipe with matching semantic class.,lowercase
54,email_address,CLIENT54@EXAMPLE.COM,client54@example.com,Normalize email case under the demo policy. Reused from a prior validated recipe with matching semantic class.,lowercase
58,email_address,CLIENT58@EXAMPLE.COM,client58@example.com,Normalize email case under the demo policy. Reused from a prior validated recipe with matching semantic class.,lowercase
64,email_address,CLIENT64@EXAMPLE.COM,client64@example.com,Normalize email case under the demo policy. Reused from a prior validated recipe with matching semantic class.,lowercase
66,email_address,CLIENT66@EXAMPLE.COM,client66@example.com,Normalize email case under the demo policy. Reused from a prior validated recipe with matching semantic class.,lowercase
69,email_address,CLIENT69@EXAMPLE.COM,client69@example.com,Normalize email case under the demo policy. Reused from a prior validated recipe with matching semantic class.,lowercase
78,email_address,CLIENT78@EXAMPLE.COM,client78@example.com,Normalize email case under the demo policy. Reused from a prior validated recipe with matching semantic class.,lowercase
84,email_address,CLIENT84@EXAMPLE.COM,client84@example.com,Normalize email case under the demo policy. Reused from a prior validated recipe with matching semantic class.,lowercase
86,email_address,CLIENT86@EXAMPLE.COM,client86@example.com,Normalize email case under the demo policy. Reused from a prior validated recipe with matching semantic class.,lowercase
87,email_address,CLIENT87@EXAMPLE.COM,client87@example.com,Normalize email case under the demo policy. Reused from a prior validated recipe with matching semantic class.,lowercase
90,email_address,CLIENT90@EXAMPLE.COM,client90@example.com,Normalize email case under the demo policy. Reused from a prior validated recipe with matching semantic class.,lowercase
92,email_address,CLIENT92@EXAMPLE.COM,client92@example.com,Normalize email case under the demo policy. Reused from a prior validated recipe with matching semantic class.,lowercase
94,email_address,CLIENT94@EXAMPLE.COM,client94@example.com,Normalize email case under the demo policy. Reused from a prior validated recipe with matching semantic class.,lowercase
95,email_address,CLIENT95@EXAMPLE.COM,client95@example.com,Normalize email case under the demo policy. Reused from a prior validated recipe with matching semantic class.,lowercase
97,email_address,CLIENT97@EXAMPLE.COM,client97@example.com,Normalize email case under the demo policy. Reused from a prior validated recipe with matching semantic class.,lowercase
100,email_address,CLIENT0@EXAMPLE.COM,client0@example.com,Normalize email case under the demo policy. Reused from a prior validated recipe with matching semantic class.,lowercase
102,email_address,CLIENT2@EXAMPLE.COM,client2@example.com,Normalize email case under the demo policy. Reused from a prior validated recipe with matching semantic class.,lowercase
1,email_address,invalid-email,,Mask invalid email formats (2 detected). Reused from a prior validated recipe with matching semantic class.,validate_email
101,email_address,invalid-email,,Mask invalid email formats (2 detected). Reused from a prior validated recipe with matching semantic class.,validate_email
4,client_identifier, C00005 ,C00005,Normalize surrounding spaces and blank cells in client_identifier; 13 formatting anomalies detected. Identifier case and leading zeros are retained. Reused from a prior validated recipe with matching semantic class.,strip
5,client_identifier, C00006 ,C00006,Normalize surrounding spaces and blank cells in client_identifier; 13 formatting anomalies detected. Identifier case and leading zeros are retained. Reused from a prior validated recipe with matching semantic class.,strip
31,client_identifier, C00032 ,C00032,Normalize surrounding spaces and blank cells in client_identifier; 13 formatting anomalies detected. Identifier case and leading zeros are retained. Reused from a prior validated recipe with matching semantic class.,strip
32,client_identifier, C00033 ,C00033,Normalize surrounding spaces and blank cells in client_identifier; 13 formatting anomalies detected. Identifier case and leading zeros are retained. Reused from a prior validated recipe with matching semantic class.,strip
51,client_identifier, C00052 ,C00052,Normalize surrounding spaces and blank cells in client_identifier; 13 formatting anomalies detected. Identifier case and leading zeros are retained. Reused from a prior validated recipe with matching semantic class.,strip
61,client_identifier, C00062 ,C00062,Normalize surrounding spaces and blank cells in client_identifier; 13 formatting anomalies detected. Identifier case and leading zeros are retained. Reused from a prior validated recipe with matching semantic class.,strip
64,client_identifier, C00065 ,C00065,Normalize surrounding spaces and blank cells in client_identifier; 13 formatting anomalies detected. Identifier case and leading zeros are retained. Reused from a prior validated recipe with matching semantic class.,strip
77,client_identifier, C00078 ,C00078,Normalize surrounding spaces and blank cells in client_identifier; 13 formatting anomalies detected. Identifier case and leading zeros are retained. Reused from a prior validated recipe with matching semantic class.,strip
81,client_identifier, C00082 ,C00082,Normalize surrounding spaces and blank cells in client_identifier; 13 formatting anomalies detected. Identifier case and leading zeros are retained. Reused from a prior validated recipe with matching semantic class.,strip
87,client_identifier, C00088 ,C00088,Normalize surrounding spaces and blank cells in client_identifier; 13 formatting anomalies detected. Identifier case and leading zeros are retained. Reused from a prior validated recipe with matching semantic class.,strip
98,client_identifier, C00099 ,C00099,Normalize surrounding spaces and blank cells in client_identifier; 13 formatting anomalies detected. Identifier case and leading zeros are retained. Reused from a prior validated recipe with matching semantic class.,strip
99,client_identifier, C00100 ,C00100,Normalize surrounding spaces and blank cells in client_identifier; 13 formatting anomalies detected. Identifier case and leading zeros are retained. Reused from a prior validated recipe with matching semantic class.,strip
104,client_identifier, C00005 ,C00005,Normalize surrounding spaces and blank cells in client_identifier; 13 formatting anomalies detected. Identifier case and leading zeros are retained. Reused from a prior validated recipe with matching semantic class.,strip
11,customer_age, 56 ,56,Normalize surrounding spaces and blank cells in customer_age; 12 formatting anomalies detected. Identifier case and leading zeros are retained. Reused from a prior validated recipe with matching semantic class.,strip
14,customer_age, 31 ,31,Normalize surrounding spaces and blank cells in customer_age; 12 formatting anomalies detected. Identifier case and leading zeros are retained. Reused from a prior validated recipe with matching semantic class.,strip
15,customer_age, 55 ,55,Normalize surrounding spaces and blank cells in customer_age; 12 formatting anomalies detected. Identifier case and leading zeros are retained. Reused from a prior validated recipe with matching semantic class.,strip
38,customer_age, 29 ,29,Normalize surrounding spaces and blank cells in customer_age; 12 formatting anomalies detected. Identifier case and leading zeros are retained. Reused from a prior validated recipe with matching semantic class.,strip
39,customer_age, 72 ,72,Normalize surrounding spaces and blank cells in customer_age; 12 formatting anomalies detected. Identifier case and leading zeros are retained. Reused from a prior validated recipe with matching semantic class.,strip
40,customer_age, 54 ,54,Normalize surrounding spaces and blank cells in customer_age; 12 formatting anomalies detected. Identifier case and leading zeros are retained. Reused from a prior validated recipe with matching semantic class.,strip
47,customer_age, 71 ,71,Normalize surrounding spaces and blank cells in customer_age; 12 formatting anomalies detected. Identifier case and leading zeros are retained. Reused from a prior validated recipe with matching semantic class.,strip
60,customer_age, 66 ,66,Normalize surrounding spaces and blank cells in customer_age; 12 formatting anomalies detected. Identifier case and leading zeros are retained. Reused from a prior validated recipe with matching semantic class.,strip
64,customer_age, 24 ,24,Normalize surrounding spaces and blank cells in customer_age; 12 formatting anomalies detected. Identifier case and leading zeros are retained. Reused from a prior validated recipe with matching semantic class.,strip
71,customer_age, 55 ,55,Normalize surrounding spaces and blank cells in customer_age; 12 formatting anomalies detected. Identifier case and leading zeros are retained. Reused from a prior validated recipe with matching semantic class.,strip
74,customer_age, 68 ,68,Normalize surrounding spaces and blank cells in customer_age; 12 formatting anomalies detected. Identifier case and leading zeros are retained. Reused from a prior validated recipe with matching semantic class.,strip
91,customer_age, 28 ,28,Normalize surrounding spaces and blank cells in customer_age; 12 formatting anomalies detected. Identifier case and leading zeros are retained. Reused from a prior validated recipe with matching semantic class.,strip
1,customer_age,65,65.0,Convert currency/number strings to nullable numeric values; 99 storage-type anomalies. Reused from a prior validated recipe with matching semantic class.,convert_numeric
2,customer_age,-12,-12.0,Convert currency/number strings to nullable numeric values; 99 storage-type anomalies. Reused from a prior validated recipe with matching semantic class.,convert_numeric
3,customer_age,210,210.0,Convert currency/number strings to nullable numeric values; 99 storage-type anomalies. Reused from a prior validated recipe with matching semantic class.,convert_numeric
4,customer_age,48,48.0,Convert currency/number strings to nullable numeric values; 99 storage-type anomalies. Reused from a prior validated recipe with matching semantic class.,convert_numeric
5,customer_age,25,25.0,Convert currency/number strings to nullable numeric values; 99 storage-type anomalies. Reused from a prior validated recipe with matching semantic class.,convert_numeric
6,customer_age,35,35.0,Convert currency/number strings to nullable numeric values; 99 storage-type anomalies. Reused from a prior validated recipe with matching semantic class.,convert_numeric
7,customer_age,49,49.0,Convert currency/number strings to nullable numeric values; 99 storage-type anomalies. Reused from a prior validated recipe with matching semantic class.,convert_numeric
8,customer_age,35,35.0,Convert currency/number strings to nullable numeric values; 99 storage-type anomalies. Reused from a prior validated recipe with matching semantic class.,convert_numeric
9,customer_age,24,24.0,Convert currency/number strings to nullable numeric values; 99 storage-type anomalies. Reused from a prior validated recipe with matching semantic class.,convert_numeric
10,customer_age,55,55.0,Convert currency/number strings to nullable numeric values; 99 storage-type anomalies. Reused from a prior validated recipe with matching semantic class.,convert_numeric
11,customer_age,56,56.0,Convert currency/number strings to nullable numeric values; 99 storage-type anomalies. Reused from a prior validated recipe with matching semantic class.,convert_numeric
12,customer_age,24,24.0,Convert currency/number strings to nullable numeric values; 99 storage-type anomalies. Reused from a prior validated recipe with matching semantic class.,convert_numeric
13,customer_age,34,34.0,Convert currency/number strings to nullable numeric values; 99 storage-type anomalies. Reused from a prior validated recipe with matching semantic class.,convert_numeric
14,customer_age,31,31.0,Convert currency/number strings to nullable numeric values; 99 storage-type anomalies. Reused from a prior validated recipe with matching semantic class.,convert_numeric
15,customer_age,55,55.0,Convert currency/number strings to nullable numeric values; 99 storage-type anomalies. Reused from a prior validated recipe with matching semantic class.,convert_numeric
16,customer_age,59,59.0,Convert currency/number strings to nullable numeric values; 99 storage-type anomalies. Reused from a prior validated recipe with matching semantic class.,convert_numeric
17,customer_age,59,59.0,Convert currency/number strings to nullable numeric values; 99 storage-type anomalies. Reused from a prior validated recipe with matching semantic class.,convert_numeric
18,customer_age,71,71.0,Convert currency/number strings to nullable numeric values; 99 storage-type anomalies. Reused from a prior validated recipe with matching semantic class.,convert_numeric
19,customer_age,61,61.0,Convert currency/number strings to nullable numeric values; 99 storage-type anomalies. Reused from a prior validated recipe with matching semantic class.,convert_numeric
20,customer_age,36,36.0,Convert currency/number strings to nullable numeric values; 99 storage-type anomalies. Reused from a prior validated recipe with matching semantic class.,convert_numeric
21,customer_age,24,24.0,Convert currency/number strings to nullable numeric values; 99 storage-type anomalies. Reused from a prior validated recipe with matching semantic class.,convert_numeric
22,customer_age,53,53.0,Convert currency/number strings to nullable numeric values; 99 storage-type anomalies. Reused from a prior validated recipe with matching semantic class.,convert_numeric
23,customer_age,70,70.0,Convert currency/number strings to nullable numeric values; 99 storage-type anomalies. Reused from a prior validated recipe with matching semantic class.,convert_numeric
24,customer_age,73,73.0,Convert currency/number strings to nullable numeric values; 99 storage-type anomalies. Reused from a prior validated recipe with matching semantic class.,convert_numeric
25,customer_age,31,31.0,Convert currency/number strings to nullable numeric values; 99 storage-type anomalies. Reused from a prior validated recipe with matching semantic class.,convert_numeric
26,customer_age,31,31.0,Convert currency/number strings to nullable numeric values; 99 storage-type anomalies. Reused from a prior validated recipe with matching semantic class.,convert_numeric
27,customer_age,20,20.0,Convert currency/number strings to nullable numeric values; 99 storage-type anomalies. Reused from a prior validated recipe with matching semantic class.,convert_numeric
29,customer_age,49,49.0,Convert currency/number strings to nullable numeric values; 99 storage-type anomalies. Reused from a prior validated recipe with matching semantic class.,convert_numeric
30,customer_age,49,49.0,Convert currency/number strings to nullable numeric values; 99 storage-type anomalies. Reused from a prior validated recipe with matching semantic class.,convert_numeric
31,customer_age,39,39.0,Convert currency/number strings to nullable numeric values; 99 storage-type anomalies. Reused from a prior validated recipe with matching semantic class.,convert_numeric
32,customer_age,35,35.0,Convert currency/number strings to nullable numeric values; 99 storage-type anomalies. Reused from a prior validated recipe with matching semantic class.,convert_numeric
33,customer_age,65,65.0,Convert currency/number strings to nullable numeric values; 99 storage-type anomalies. Reused from a prior validated recipe with matching semantic class.,convert_numeric
34,customer_age,44,44.0,Convert currency/number strings to nullable numeric values; 99 storage-type anomalies. Reused from a prior validated recipe with matching semantic class.,convert_numeric
35,customer_age,64,64.0,Convert currency/number strings to nullable numeric values; 99 storage-type anomalies. Reused from a prior validated recipe with matching semantic class.,convert_numeric
36,customer_age,72,72.0,Convert currency/number strings to nullable numeric values; 99 storage-type anomalies. Reused from a prior validated recipe with matching semantic class.,convert_numeric
37,customer_age,36,36.0,Convert currency/number strings to nullable numeric values; 99 storage-type anomalies. Reused from a prior validated recipe with matching semantic class.,convert_numeric
38,customer_age,29,29.0,Convert currency/number strings to nullable numeric values; 99 storage-type anomalies. Reused from a prior validated recipe with matching semantic class.,convert_numeric
39,customer_age,72,72.0,Convert currency/number strings to nullable numeric values; 99 storage-type anomalies. Reused from a prior validated recipe with matching semantic class.,convert_numeric
40,customer_age,54,54.0,Convert currency/number strings to nullable numeric values; 99 storage-type anomalies. Reused from a prior validated recipe with matching semantic class.,convert_numeric
41,customer_age,34,34.0,Convert currency/number strings to nullable numeric values; 99 storage-type anomalies. Reused from a prior validated recipe with matching semantic class.,convert_numeric
42,customer_age,53,53.0,Convert currency/number strings to nullable numeric values; 99 storage-type anomalies. Reused from a prior validated recipe with matching semantic class.,convert_numeric
43,customer_age,47,47.0,Convert currency/number strings to nullable numeric values; 99 storage-type anomalies. Reused from a prior validated recipe with matching semantic class.,convert_numeric
44,customer_age,69,69.0,Convert currency/number strings to nullable numeric values; 99 storage-type anomalies. Reused from a prior validated recipe with matching semantic class.,convert_numeric
45,customer_age,32,32.0,Convert currency/number strings to nullable numeric values; 99 storage-type anomalies. Reused from a prior validated recipe with matching semantic class.,convert_numeric
46,customer_age,74,74.0,Convert currency/number strings to nullable numeric values; 99 storage-type anomalies. Reused from a prior validated recipe with matching semantic class.,convert_numeric
47,customer_age,71,71.0,Convert currency/number strings to nullable numeric values; 99 storage-type anomalies. Reused from a prior validated recipe with matching semantic class.,convert_numeric
48,customer_age,28,28.0,Convert currency/number strings to nullable numeric values; 99 storage-type anomalies. Reused from a prior validated recipe with matching semantic class.,convert_numeric
49,customer_age,27,27.0,Convert currency/number strings to nullable numeric values; 99 storage-type anomalies. Reused from a prior validated recipe with matching semantic class.,convert_numeric
50,customer_age,48,48.0,Convert currency/number strings to nullable numeric values; 99 storage-type anomalies. Reused from a prior validated recipe with matching semantic class.,convert_numeric
51,customer_age,20,20.0,Convert currency/number strings to nullable numeric values; 99 storage-type anomalies. Reused from a prior validated recipe with matching semantic class.,convert_numeric
52,customer_age,35,35.0,Convert currency/number strings to nullable numeric values; 99 storage-type anomalies. Reused from a prior validated recipe with matching semantic class.,convert_numeric
53,customer_age,42,42.0,Convert currency/number strings to nullable numeric values; 99 storage-type anomalies. Reused from a prior validated recipe with matching semantic class.,convert_numeric
55,customer_age,74,74.0,Convert currency/number strings to nullable numeric values; 99 storage-type anomalies. Reused from a prior validated recipe with matching semantic class.,convert_numeric
56,customer_age,26,26.0,Convert currency/number strings to nullable numeric values; 99 storage-type anomalies. Reused from a prior validated recipe with matching semantic class.,convert_numeric
57,customer_age,68,68.0,Convert currency/number strings to nullable numeric values; 99 storage-type anomalies. Reused from a prior validated recipe with matching semantic class.,convert_numeric
58,customer_age,23,23.0,Convert currency/number strings to nullable numeric values; 99 storage-type anomalies. Reused from a prior validated recipe with matching semantic class.,convert_numeric
59,customer_age,60,60.0,Convert currency/number strings to nullable numeric values; 99 storage-type anomalies. Reused from a prior validated recipe with matching semantic class.,convert_numeric
60,customer_age,66,66.0,Convert currency/number strings to nullable numeric values; 99 storage-type anomalies. Reused from a prior validated recipe with matching semantic class.,convert_numeric
61,customer_age,68,68.0,Convert currency/number strings to nullable numeric values; 99 storage-type anomalies. Reused from a prior validated recipe with matching semantic class.,convert_numeric
62,customer_age,30,30.0,Convert currency/number strings to nullable numeric values; 99 storage-type anomalies. Reused from a prior validated recipe with matching semantic class.,convert_numeric
63,customer_age,68,68.0,Convert currency/number strings to nullable numeric values; 99 storage-type anomalies. Reused from a prior validated recipe with matching semantic class.,convert_numeric
64,customer_age,24,24.0,Convert currency/number strings to nullable numeric values; 99 storage-type anomalies. Reused from a prior validated recipe with matching semantic class.,convert_numeric
65,customer_age,47,47.0,Convert currency/number strings to nullable numeric values; 99 storage-type anomalies. Reused from a prior validated recipe with matching semantic class.,convert_numeric
66,customer_age,44,44.0,Convert currency/number strings to nullable numeric values; 99 storage-type anomalies. Reused from a prior validated recipe with matching semantic class.,convert_numeric
67,customer_age,36,36.0,Convert currency/number strings to nullable numeric values; 99 storage-type anomalies. Reused from a prior validated recipe with matching semantic class.,convert_numeric
68,customer_age,19,19.0,Convert currency/number strings to nullable numeric values; 99 storage-type anomalies. Reused from a prior validated recipe with matching semantic class.,convert_numeric
69,customer_age,62,62.0,Convert currency/number strings to nullable numeric values; 99 storage-type anomalies. Reused from a prior validated recipe with matching semantic class.,convert_numeric
70,customer_age,37,37.0,Convert currency/number strings to nullable numeric values; 99 storage-type anomalies. Reused from a prior validated recipe with matching semantic class.,convert_numeric
71,customer_age,55,55.0,Convert currency/number strings to nullable numeric values; 99 storage-type anomalies. Reused from a prior validated recipe with matching semantic class.,convert_numeric
73,customer_age,39,39.0,Convert currency/number strings to nullable numeric values; 99 storage-type anomalies. Reused from a prior validated recipe with matching semantic class.,convert_numeric
74,customer_age,68,68.0,Convert currency/number strings to nullable numeric values; 99 storage-type anomalies. Reused from a prior validated recipe with matching semantic class.,convert_numeric
75,customer_age,23,23.0,Convert currency/number strings to nullable numeric values; 99 storage-type anomalies. Reused from a prior validated recipe with matching semantic class.,convert_numeric
76,customer_age,59,59.0,Convert currency/number strings to nullable numeric values; 99 storage-type anomalies. Reused from a prior validated recipe with matching semantic class.,convert_numeric
77,customer_age,60,60.0,Convert currency/number strings to nullable numeric values; 99 storage-type anomalies. Reused from a prior validated recipe with matching semantic class.,convert_numeric
78,customer_age,39,39.0,Convert currency/number strings to nullable numeric values; 99 storage-type anomalies. Reused from a prior validated recipe with matching semantic class.,convert_numeric
79,customer_age,32,32.0,Convert currency/number strings to nullable numeric values; 99 storage-type anomalies. Reused from a prior validated recipe with matching semantic class.,convert_numeric
80,customer_age,18,18.0,Convert currency/number strings to nullable numeric values; 99 storage-type anomalies. Reused from a prior validated recipe with matching semantic class.,convert_numeric
81,customer_age,71,71.0,Convert currency/number strings to nullable numeric values; 99 storage-type anomalies. Reused from a prior validated recipe with matching semantic class.,convert_numeric
82,customer_age,72,72.0,Convert currency/number strings to nullable numeric values; 99 storage-type anomalies. Reused from a prior validated recipe with matching semantic class.,convert_numeric
83,customer_age,31,31.0,Convert currency/number strings to nullable numeric values; 99 storage-type anomalies. Reused from a prior validated recipe with matching semantic class.,convert_numeric
84,customer_age,19,19.0,Convert currency/number strings to nullable numeric values; 99 storage-type anomalies. Reused from a prior validated recipe with matching semantic class.,convert_numeric
85,customer_age,24,24.0,Convert currency/number strings to nullable numeric values; 99 storage-type anomalies. Reused from a prior validated recipe with matching semantic class.,convert_numeric
86,customer_age,21,21.0,Convert currency/number strings to nullable numeric values; 99 storage-type anomalies. Reused from a prior validated recipe with matching semantic class.,convert_numeric
87,customer_age,65,65.0,Convert currency/number strings to nullable numeric values; 99 storage-type anomalies. Reused from a prior validated recipe with matching semantic class.,convert_numeric
88,customer_age,68,68.0,Convert currency/number strings to nullable numeric values; 99 storage-type anomalies. Reused from a prior validated recipe with matching semantic class.,convert_numeric
89,customer_age,26,26.0,Convert currency/number strings to nullable numeric values; 99 storage-type anomalies. Reused from a prior validated recipe with matching semantic class.,convert_numeric
90,customer_age,60,60.0,Convert currency/number strings to nullable numeric values; 99 storage-type anomalies. Reused from a prior validated recipe with matching semantic class.,convert_numeric
91,customer_age,28,28.0,Convert currency/number strings to nullable numeric values; 99 storage-type anomalies. Reused from a prior validated recipe with matching semantic class.,convert_numeric
92,customer_age,38,38.0,Convert currency/number strings to nullable numeric values; 99 storage-type anomalies. Reused from a prior validated recipe with matching semantic class.,convert_numeric
93,customer_age,52,52.0,Convert currency/number strings to nullable numeric values; 99 storage-type anomalies. Reused from a prior validated recipe with matching semantic class.,convert_numeric
94,customer_age,59,59.0,Convert currency/number strings to nullable numeric values; 99 storage-type anomalies. Reused from a prior validated recipe with matching semantic class.,convert_numeric
95,customer_age,67,67.0,Convert currency/number strings to nullable numeric values; 99 storage-type anomalies. Reused from a prior validated recipe with matching semantic class.,convert_numeric
96,customer_age,20,20.0,Convert currency/number strings to nullable numeric values; 99 storage-type anomalies. Reused from a prior validated recipe with matching semantic class.,convert_numeric
97,customer_age,29,29.0,Convert currency/number strings to nullable numeric values; 99 storage-type anomalies. Reused from a prior validated recipe with matching semantic class.,convert_numeric
99,customer_age,35,35.0,Convert currency/number strings to nullable numeric values; 99 storage-type anomalies. Reused from a prior validated recipe with matching semantic class.,convert_numeric
101,customer_age,65,65.0,Convert currency/number strings to nullable numeric values; 99 storage-type anomalies. Reused from a prior validated recipe with matching semantic class.,convert_numeric
102,customer_age,-12,-12.0,Convert currency/number strings to nullable numeric values; 99 storage-type anomalies. Reused from a prior validated recipe with matching semantic class.,convert_numeric
103,customer_age,210,210.0,Convert currency/number strings to nullable numeric values; 99 storage-type anomalies. Reused from a prior validated recipe with matching semantic class.,convert_numeric
104,customer_age,48,48.0,Convert currency/number strings to nullable numeric values; 99 storage-type anomalies. Reused from a prior validated recipe with matching semantic class.,convert_numeric
2,customer_age,-12.0,,Age must be an integer between 0 and 120.,remove_impossible_values
3,customer_age,210.0,,Age must be an integer between 0 and 120.,remove_impossible_values
102,customer_age,-12.0,,Age must be an integer between 0 and 120.,remove_impossible_values
103,customer_age,210.0,,Age must be an integer between 0 and 120.,remove_impossible_values
3,telephone, +21620000003 ,+21620000003,Normalize surrounding spaces and blank cells in telephone; 13 formatting anomalies detected. Identifier case and leading zeros are retained. Reused from a prior validated recipe with matching semantic class.,strip
27,telephone, +21620000027 ,+21620000027,Normalize surrounding spaces and blank cells in telephone; 13 formatting anomalies detected. Identifier case and leading zeros are retained. Reused from a prior validated recipe with matching semantic class.,strip
41,telephone, +21620000041 ,+21620000041,Normalize surrounding spaces and blank cells in telephone; 13 formatting anomalies detected. Identifier case and leading zeros are retained. Reused from a prior validated recipe with matching semantic class.,strip
45,telephone, +21620000045 ,+21620000045,Normalize surrounding spaces and blank cells in telephone; 13 formatting anomalies detected. Identifier case and leading zeros are retained. Reused from a prior validated recipe with matching semantic class.,strip
52,telephone, +21620000052 ,+21620000052,Normalize surrounding spaces and blank cells in telephone; 13 formatting anomalies detected. Identifier case and leading zeros are retained. Reused from a prior validated recipe with matching semantic class.,strip
71,telephone, +21620000071 ,+21620000071,Normalize surrounding spaces and blank cells in telephone; 13 formatting anomalies detected. Identifier case and leading zeros are retained. Reused from a prior validated recipe with matching semantic class.,strip
72,telephone, +21620000072 ,+21620000072,Normalize surrounding spaces and blank cells in telephone; 13 formatting anomalies detected. Identifier case and leading zeros are retained. Reused from a prior validated recipe with matching semantic class.,strip
75,telephone, +21620000075 ,+21620000075,Normalize surrounding spaces and blank cells in telephone; 13 formatting anomalies detected. Identifier case and leading zeros are retained. Reused from a prior validated recipe with matching semantic class.,strip
84,telephone, +21620000084 ,+21620000084,Normalize surrounding spaces and blank cells in telephone; 13 formatting anomalies detected. Identifier case and leading zeros are retained. Reused from a prior validated recipe with matching semantic class.,strip
90,telephone, +21620000090 ,+21620000090,Normalize surrounding spaces and blank cells in telephone; 13 formatting anomalies detected. Identifier case and leading zeros are retained. Reused from a prior validated recipe with matching semantic class.,strip
97,telephone, +21620000097 ,+21620000097,Normalize surrounding spaces and blank cells in telephone; 13 formatting anomalies detected. Identifier case and leading zeros are retained. Reused from a prior validated recipe with matching semantic class.,strip
98,telephone, +21620000098 ,+21620000098,Normalize surrounding spaces and blank cells in telephone; 13 formatting anomalies detected. Identifier case and leading zeros are retained. Reused from a prior validated recipe with matching semantic class.,strip
103,telephone, +21620000003 ,+21620000003,Normalize surrounding spaces and blank cells in telephone; 13 formatting anomalies detected. Identifier case and leading zeros are retained. Reused from a prior validated recipe with matching semantic class.,strip
5,telephone,00216 20 000 005,+21620000005,Remove phone presentation separators and convert international 00 prefix to +. Reused from a prior validated recipe with matching semantic class.,normalize_phone
4,telephone,123,,Require 8–15 digits with optional +; 2 invalid phones detected. No country prefix is invented. Reused from a prior validated recipe with matching semantic class.,validate_phone
104,telephone,123,,Require 8–15 digits with optional +; 2 invalid phones detected. No country prefix is invented. Reused from a prior validated recipe with matching semantic class.,validate_phone
17,signup_date, 18/01/2025 ,18/01/2025,Normalize surrounding spaces and blank cells in signup_date; 10 formatting anomalies detected. Identifier case and leading zeros are retained. Reused from a prior validated recipe with matching semantic class.,strip
25,signup_date, 26/01/2025 ,26/01/2025,Normalize surrounding spaces and blank cells in signup_date; 10 formatting anomalies detected. Identifier case and leading zeros are retained. Reused from a prior validated recipe with matching semantic class.,strip
29,signup_date, 02/01/2025 ,02/01/2025,Normalize surrounding spaces and blank cells in signup_date; 10 formatting anomalies detected. Identifier case and leading zeros are retained. Reused from a prior validated recipe with matching semantic class.,strip
32,signup_date, 05/01/2025 ,05/01/2025,Normalize surrounding spaces and blank cells in signup_date; 10 formatting anomalies detected. Identifier case and leading zeros are retained. Reused from a prior validated recipe with matching semantic class.,strip
38,signup_date, 11/01/2025 ,11/01/2025,Normalize surrounding spaces and blank cells in signup_date; 10 formatting anomalies detected. Identifier case and leading zeros are retained. Reused from a prior validated recipe with matching semantic class.,strip
43,signup_date, 16/01/2025 ,16/01/2025,Normalize surrounding spaces and blank cells in signup_date; 10 formatting anomalies detected. Identifier case and leading zeros are retained. Reused from a prior validated recipe with matching semantic class.,strip
45,signup_date, 18/01/2025 ,18/01/2025,Normalize surrounding spaces and blank cells in signup_date; 10 formatting anomalies detected. Identifier case and leading zeros are retained. Reused from a prior validated recipe with matching semantic class.,strip
60,signup_date, 05/01/2025 ,05/01/2025,Normalize surrounding spaces and blank cells in signup_date; 10 formatting anomalies detected. Identifier case and leading zeros are retained. Reused from a prior validated recipe with matching semantic class.,strip
66,signup_date, 11/01/2025 ,11/01/2025,Normalize surrounding spaces and blank cells in signup_date; 10 formatting anomalies detected. Identifier case and leading zeros are retained. Reused from a prior validated recipe with matching semantic class.,strip
80,signup_date, 25/01/2025 ,25/01/2025,Normalize surrounding spaces and blank cells in signup_date; 10 formatting anomalies detected. Identifier case and leading zeros are retained. Reused from a prior validated recipe with matching semantic class.,strip
0,signup_date,01/01/2025,2025-01-01,Parse ISO/day-first slash dates; preserve timestamp UTC where applicable; invalid values become missing. Reused from a prior validated recipe with matching semantic class.,convert_dates
1,signup_date,02/01/2025,2025-01-02,Parse ISO/day-first slash dates; preserve timestamp UTC where applicable; invalid values become missing. Reused from a prior validated recipe with matching semantic class.,convert_dates
2,signup_date,03/01/2025,2025-01-03,Parse ISO/day-first slash dates; preserve timestamp UTC where applicable; invalid values become missing. Reused from a prior validated recipe with matching semantic class.,convert_dates
3,signup_date,04/01/2025,2025-01-04,Parse ISO/day-first slash dates; preserve timestamp UTC where applicable; invalid values become missing. Reused from a prior validated recipe with matching semantic class.,convert_dates
4,signup_date,05/01/2025,2025-01-05,Parse ISO/day-first slash dates; preserve timestamp UTC where applicable; invalid values become missing. Reused from a prior validated recipe with matching semantic class.,convert_dates
5,signup_date,06/01/2025,2025-01-06,Parse ISO/day-first slash dates; preserve timestamp UTC where applicable; invalid values become missing. Reused from a prior validated recipe with matching semantic class.,convert_dates
6,signup_date,31/02/2025,,Parse ISO/day-first slash dates; preserve timestamp UTC where applicable; invalid values become missing. Reused from a prior validated recipe with matching semantic class.,convert_dates
7,signup_date,08/01/2025,2025-01-08,Parse ISO/day-first slash dates; preserve timestamp UTC where applicable; invalid values become missing. Reused from a prior validated recipe with matching semantic class.,convert_dates
8,signup_date,09/01/2025,2025-01-09,Parse ISO/day-first slash dates; preserve timestamp UTC where applicable; invalid values become missing. Reused from a prior validated recipe with matching semantic class.,convert_dates
9,signup_date,10/01/2025,2025-01-10,Parse ISO/day-first slash dates; preserve timestamp UTC where applicable; invalid values become missing. Reused from a prior validated recipe with matching semantic class.,convert_dates
10,signup_date,11/01/2025,2025-01-11,Parse ISO/day-first slash dates; preserve timestamp UTC where applicable; invalid values become missing. Reused from a prior validated recipe with matching semantic class.,convert_dates
11,signup_date,12/01/2025,2025-01-12,Parse ISO/day-first slash dates; preserve timestamp UTC where applicable; invalid values become missing. Reused from a prior validated recipe with matching semantic class.,convert_dates
12,signup_date,13/01/2025,2025-01-13,Parse ISO/day-first slash dates; preserve timestamp UTC where applicable; invalid values become missing. Reused from a prior validated recipe with matching semantic class.,convert_dates
13,signup_date,14/01/2025,2025-01-14,Parse ISO/day-first slash dates; preserve timestamp UTC where applicable; invalid values become missing. Reused from a prior validated recipe with matching semantic class.,convert_dates
15,signup_date,16/01/2025,2025-01-16,Parse ISO/day-first slash dates; preserve timestamp UTC where applicable; invalid values become missing. Reused from a prior validated recipe with matching semantic class.,convert_dates
16,signup_date,17/01/2025,2025-01-17,Parse ISO/day-first slash dates; preserve timestamp UTC where applicable; invalid values become missing. Reused from a prior validated recipe with matching semantic class.,convert_dates
17,signup_date,18/01/2025,2025-01-18,Parse ISO/day-first slash dates; preserve timestamp UTC where applicable; invalid values become missing. Reused from a prior validated recipe with matching semantic class.,convert_dates
18,signup_date,19/01/2025,2025-01-19,Parse ISO/day-first slash dates; preserve timestamp UTC where applicable; invalid values become missing. Reused from a prior validated recipe with matching semantic class.,convert_dates
19,signup_date,20/01/2025,2025-01-20,Parse ISO/day-first slash dates; preserve timestamp UTC where applicable; invalid values become missing. Reused from a prior validated recipe with matching semantic class.,convert_dates
20,signup_date,21/01/2025,2025-01-21,Parse ISO/day-first slash dates; preserve timestamp UTC where applicable; invalid values become missing. Reused from a prior validated recipe with matching semantic class.,convert_dates
21,signup_date,22/01/2025,2025-01-22,Parse ISO/day-first slash dates; preserve timestamp UTC where applicable; invalid values become missing. Reused from a prior validated recipe with matching semantic class.,convert_dates
22,signup_date,23/01/2025,2025-01-23,Parse ISO/day-first slash dates; preserve timestamp UTC where applicable; invalid values become missing. Reused from a prior validated recipe with matching semantic class.,convert_dates
23,signup_date,24/01/2025,2025-01-24,Parse ISO/day-first slash dates; preserve timestamp UTC where applicable; invalid values become missing. Reused from a prior validated recipe with matching semantic class.,convert_dates
24,signup_date,25/01/2025,2025-01-25,Parse ISO/day-first slash dates; preserve timestamp UTC where applicable; invalid values become missing. Reused from a prior validated recipe with matching semantic class.,convert_dates
25,signup_date,26/01/2025,2025-01-26,Parse ISO/day-first slash dates; preserve timestamp UTC where applicable; invalid values become missing. Reused from a prior validated recipe with matching semantic class.,convert_dates
26,signup_date,27/01/2025,2025-01-27,Parse ISO/day-first slash dates; preserve timestamp UTC where applicable; invalid values become missing. Reused from a prior validated recipe with matching semantic class.,convert_dates
27,signup_date,28/01/2025,2025-01-28,Parse ISO/day-first slash dates; preserve timestamp UTC where applicable; invalid values become missing. Reused from a prior validated recipe with matching semantic class.,convert_dates
28,signup_date,01/01/2025,2025-01-01,Parse ISO/day-first slash dates; preserve timestamp UTC where applicable; invalid values become missing. Reused from a prior validated recipe with matching semantic class.,convert_dates
29,signup_date,02/01/2025,2025-01-02,Parse ISO/day-first slash dates; preserve timestamp UTC where applicable; invalid values become missing. Reused from a prior validated recipe with matching semantic class.,convert_dates
30,signup_date,03/01/2025,2025-01-03,Parse ISO/day-first slash dates; preserve timestamp UTC where applicable; invalid values become missing. Reused from a prior validated recipe with matching semantic class.,convert_dates
31,signup_date,04/01/2025,2025-01-04,Parse ISO/day-first slash dates; preserve timestamp UTC where applicable; invalid values become missing. Reused from a prior validated recipe with matching semantic class.,convert_dates
32,signup_date,05/01/2025,2025-01-05,Parse ISO/day-first slash dates; preserve timestamp UTC where applicable; invalid values become missing. Reused from a prior validated recipe with matching semantic class.,convert_dates
33,signup_date,06/01/2025,2025-01-06,Parse ISO/day-first slash dates; preserve timestamp UTC where applicable; invalid values become missing. Reused from a prior validated recipe with matching semantic class.,convert_dates
34,signup_date,07/01/2025,2025-01-07,Parse ISO/day-first slash dates; preserve timestamp UTC where applicable; invalid values become missing. Reused from a prior validated recipe with matching semantic class.,convert_dates
35,signup_date,08/01/2025,2025-01-08,Parse ISO/day-first slash dates; preserve timestamp UTC where applicable; invalid values become missing. Reused from a prior validated recipe with matching semantic class.,convert_dates
36,signup_date,09/01/2025,2025-01-09,Parse ISO/day-first slash dates; preserve timestamp UTC where applicable; invalid values become missing. Reused from a prior validated recipe with matching semantic class.,convert_dates
38,signup_date,11/01/2025,2025-01-11,Parse ISO/day-first slash dates; preserve timestamp UTC where applicable; invalid values become missing. Reused from a prior validated recipe with matching semantic class.,convert_dates
40,signup_date,13/01/2025,2025-01-13,Parse ISO/day-first slash dates; preserve timestamp UTC where applicable; invalid values become missing. Reused from a prior validated recipe with matching semantic class.,convert_dates
41,signup_date,14/01/2025,2025-01-14,Parse ISO/day-first slash dates; preserve timestamp UTC where applicable; invalid values become missing. Reused from a prior validated recipe with matching semantic class.,convert_dates
42,signup_date,15/01/2025,2025-01-15,Parse ISO/day-first slash dates; preserve timestamp UTC where applicable; invalid values become missing. Reused from a prior validated recipe with matching semantic class.,convert_dates
43,signup_date,16/01/2025,2025-01-16,Parse ISO/day-first slash dates; preserve timestamp UTC where applicable; invalid values become missing. Reused from a prior validated recipe with matching semantic class.,convert_dates
44,signup_date,17/01/2025,2025-01-17,Parse ISO/day-first slash dates; preserve timestamp UTC where applicable; invalid values become missing. Reused from a prior validated recipe with matching semantic class.,convert_dates
45,signup_date,18/01/2025,2025-01-18,Parse ISO/day-first slash dates; preserve timestamp UTC where applicable; invalid values become missing. Reused from a prior validated recipe with matching semantic class.,convert_dates
46,signup_date,19/01/2025,2025-01-19,Parse ISO/day-first slash dates; preserve timestamp UTC where applicable; invalid values become missing. Reused from a prior validated recipe with matching semantic class.,convert_dates
47,signup_date,20/01/2025,2025-01-20,Parse ISO/day-first slash dates; preserve timestamp UTC where applicable; invalid values become missing. Reused from a prior validated recipe with matching semantic class.,convert_dates
48,signup_date,21/01/2025,2025-01-21,Parse ISO/day-first slash dates; preserve timestamp UTC where applicable; invalid values become missing. Reused from a prior validated recipe with matching semantic class.,convert_dates
49,signup_date,22/01/2025,2025-01-22,Parse ISO/day-first slash dates; preserve timestamp UTC where applicable; invalid values become missing. Reused from a prior validated recipe with matching semantic class.,convert_dates
50,signup_date,23/01/2025,2025-01-23,Parse ISO/day-first slash dates; preserve timestamp UTC where applicable; invalid values become missing. Reused from a prior validated recipe with matching semantic class.,convert_dates
51,signup_date,24/01/2025,2025-01-24,Parse ISO/day-first slash dates; preserve timestamp UTC where applicable; invalid values become missing. Reused from a prior validated recipe with matching semantic class.,convert_dates
52,signup_date,25/01/2025,2025-01-25,Parse ISO/day-first slash dates; preserve timestamp UTC where applicable; invalid values become missing. Reused from a prior validated recipe with matching semantic class.,convert_dates
53,signup_date,26/01/2025,2025-01-26,Parse ISO/day-first slash dates; preserve timestamp UTC where applicable; invalid values become missing. Reused from a prior validated recipe with matching semantic class.,convert_dates
54,signup_date,27/01/2025,2025-01-27,Parse ISO/day-first slash dates; preserve timestamp UTC where applicable; invalid values become missing. Reused from a prior validated recipe with matching semantic class.,convert_dates
56,signup_date,01/01/2025,2025-01-01,Parse ISO/day-first slash dates; preserve timestamp UTC where applicable; invalid values become missing. Reused from a prior validated recipe with matching semantic class.,convert_dates
57,signup_date,02/01/2025,2025-01-02,Parse ISO/day-first slash dates; preserve timestamp UTC where applicable; invalid values become missing. Reused from a prior validated recipe with matching semantic class.,convert_dates
58,signup_date,03/01/2025,2025-01-03,Parse ISO/day-first slash dates; preserve timestamp UTC where applicable; invalid values become missing. Reused from a prior validated recipe with matching semantic class.,convert_dates
59,signup_date,04/01/2025,2025-01-04,Parse ISO/day-first slash dates; preserve timestamp UTC where applicable; invalid values become missing. Reused from a prior validated recipe with matching semantic class.,convert_dates
60,signup_date,05/01/2025,2025-01-05,Parse ISO/day-first slash dates; preserve timestamp UTC where applicable; invalid values become missing. Reused from a prior validated recipe with matching semantic class.,convert_dates
61,signup_date,06/01/2025,2025-01-06,Parse ISO/day-first slash dates; preserve timestamp UTC where applicable; invalid values become missing. Reused from a prior validated recipe with matching semantic class.,convert_dates
62,signup_date,07/01/2025,2025-01-07,Parse ISO/day-first slash dates; preserve timestamp UTC where applicable; invalid values become missing. Reused from a prior validated recipe with matching semantic class.,convert_dates
63,signup_date,08/01/2025,2025-01-08,Parse ISO/day-first slash dates; preserve timestamp UTC where applicable; invalid values become missing. Reused from a prior validated recipe with matching semantic class.,convert_dates
64,signup_date,09/01/2025,2025-01-09,Parse ISO/day-first slash dates; preserve timestamp UTC where applicable; invalid values become missing. Reused from a prior validated recipe with matching semantic class.,convert_dates
65,signup_date,10/01/2025,2025-01-10,Parse ISO/day-first slash dates; preserve timestamp UTC where applicable; invalid values become missing. Reused from a prior validated recipe with matching semantic class.,convert_dates
66,signup_date,11/01/2025,2025-01-11,Parse ISO/day-first slash dates; preserve timestamp UTC where applicable; invalid values become missing. Reused from a prior validated recipe with matching semantic class.,convert_dates
67,signup_date,12/01/2025,2025-01-12,Parse ISO/day-first slash dates; preserve timestamp UTC where applicable; invalid values become missing. Reused from a prior validated recipe with matching semantic class.,convert_dates
68,signup_date,13/01/2025,2025-01-13,Parse ISO/day-first slash dates; preserve timestamp UTC where applicable; invalid values become missing. Reused from a prior validated recipe with matching semantic class.,convert_dates
69,signup_date,14/01/2025,2025-01-14,Parse ISO/day-first slash dates; preserve timestamp UTC where applicable; invalid values become missing. Reused from a prior validated recipe with matching semantic class.,convert_dates
70,signup_date,15/01/2025,2025-01-15,Parse ISO/day-first slash dates; preserve timestamp UTC where applicable; invalid values become missing. Reused from a prior validated recipe with matching semantic class.,convert_dates
71,signup_date,16/01/2025,2025-01-16,Parse ISO/day-first slash dates; preserve timestamp UTC where applicable; invalid values become missing. Reused from a prior validated recipe with matching semantic class.,convert_dates
72,signup_date,17/01/2025,2025-01-17,Parse ISO/day-first slash dates; preserve timestamp UTC where applicable; invalid values become missing. Reused from a prior validated recipe with matching semantic class.,convert_dates
73,signup_date,18/01/2025,2025-01-18,Parse ISO/day-first slash dates; preserve timestamp UTC where applicable; invalid values become missing. Reused from a prior validated recipe with matching semantic class.,convert_dates
74,signup_date,19/01/2025,2025-01-19,Parse ISO/day-first slash dates; preserve timestamp UTC where applicable; invalid values become missing. Reused from a prior validated recipe with matching semantic class.,convert_dates
75,signup_date,20/01/2025,2025-01-20,Parse ISO/day-first slash dates; preserve timestamp UTC where applicable; invalid values become missing. Reused from a prior validated recipe with matching semantic class.,convert_dates
76,signup_date,21/01/2025,2025-01-21,Parse ISO/day-first slash dates; preserve timestamp UTC where applicable; invalid values become missing. Reused from a prior validated recipe with matching semantic class.,convert_dates
77,signup_date,22/01/2025,2025-01-22,Parse ISO/day-first slash dates; preserve timestamp UTC where applicable; invalid values become missing. Reused from a prior validated recipe with matching semantic class.,convert_dates
78,signup_date,23/01/2025,2025-01-23,Parse ISO/day-first slash dates; preserve timestamp UTC where applicable; invalid values become missing. Reused from a prior validated recipe with matching semantic class.,convert_dates
79,signup_date,24/01/2025,2025-01-24,Parse ISO/day-first slash dates; preserve timestamp UTC where applicable; invalid values become missing. Reused from a prior validated recipe with matching semantic class.,convert_dates
80,signup_date,25/01/2025,2025-01-25,Parse ISO/day-first slash dates; preserve timestamp UTC where applicable; invalid values become missing. Reused from a prior validated recipe with matching semantic class.,convert_dates
81,signup_date,26/01/2025,2025-01-26,Parse ISO/day-first slash dates; preserve timestamp UTC where applicable; invalid values become missing. Reused from a prior validated recipe with matching semantic class.,convert_dates
82,signup_date,27/01/2025,2025-01-27,Parse ISO/day-first slash dates; preserve timestamp UTC where applicable; invalid values become missing. Reused from a prior validated recipe with matching semantic class.,convert_dates
83,signup_date,28/01/2025,2025-01-28,Parse ISO/day-first slash dates; preserve timestamp UTC where applicable; invalid values become missing. Reused from a prior validated recipe with matching semantic class.,convert_dates
84,signup_date,01/01/2025,2025-01-01,Parse ISO/day-first slash dates; preserve timestamp UTC where applicable; invalid values become missing. Reused from a prior validated recipe with matching semantic class.,convert_dates
85,signup_date,02/01/2025,2025-01-02,Parse ISO/day-first slash dates; preserve timestamp UTC where applicable; invalid values become missing. Reused from a prior validated recipe with matching semantic class.,convert_dates
86,signup_date,03/01/2025,2025-01-03,Parse ISO/day-first slash dates; preserve timestamp UTC where applicable; invalid values become missing. Reused from a prior validated recipe with matching semantic class.,convert_dates
88,signup_date,05/01/2025,2025-01-05,Parse ISO/day-first slash dates; preserve timestamp UTC where applicable; invalid values become missing. Reused from a prior validated recipe with matching semantic class.,convert_dates
89,signup_date,06/01/2025,2025-01-06,Parse ISO/day-first slash dates; preserve timestamp UTC where applicable; invalid values become missing. Reused from a prior validated recipe with matching semantic class.,convert_dates
90,signup_date,07/01/2025,2025-01-07,Parse ISO/day-first slash dates; preserve timestamp UTC where applicable; invalid values become missing. Reused from a prior validated recipe with matching semantic class.,convert_dates
91,signup_date,08/01/2025,2025-01-08,Parse ISO/day-first slash dates; preserve timestamp UTC where applicable; invalid values become missing. Reused from a prior validated recipe with matching semantic class.,convert_dates
92,signup_date,09/01/2025,2025-01-09,Parse ISO/day-first slash dates; preserve timestamp UTC where applicable; invalid values become missing. Reused from a prior validated recipe with matching semantic class.,convert_dates
93,signup_date,10/01/2025,2025-01-10,Parse ISO/day-first slash dates; preserve timestamp UTC where applicable; invalid values become missing. Reused from a prior validated recipe with matching semantic class.,convert_dates
94,signup_date,11/01/2025,2025-01-11,Parse ISO/day-first slash dates; preserve timestamp UTC where applicable; invalid values become missing. Reused from a prior validated recipe with matching semantic class.,convert_dates
95,signup_date,12/01/2025,2025-01-12,Parse ISO/day-first slash dates; preserve timestamp UTC where applicable; invalid values become missing. Reused from a prior validated recipe with matching semantic class.,convert_dates
96,signup_date,13/01/2025,2025-01-13,Parse ISO/day-first slash dates; preserve timestamp UTC where applicable; invalid values become missing. Reused from a prior validated recipe with matching semantic class.,convert_dates
97,signup_date,14/01/2025,2025-01-14,Parse ISO/day-first slash dates; preserve timestamp UTC where applicable; invalid values become missing. Reused from a prior validated recipe with matching semantic class.,convert_dates
98,signup_date,15/01/2025,2025-01-15,Parse ISO/day-first slash dates; preserve timestamp UTC where applicable; invalid values become missing. Reused from a prior validated recipe with matching semantic class.,convert_dates
99,signup_date,16/01/2025,2025-01-16,Parse ISO/day-first slash dates; preserve timestamp UTC where applicable; invalid values become missing. Reused from a prior validated recipe with matching semantic class.,convert_dates
100,signup_date,01/01/2025,2025-01-01,Parse ISO/day-first slash dates; preserve timestamp UTC where applicable; invalid values become missing. Reused from a prior validated recipe with matching semantic class.,convert_dates
101,signup_date,02/01/2025,2025-01-02,Parse ISO/day-first slash dates; preserve timestamp UTC where applicable; invalid values become missing. Reused from a prior validated recipe with matching semantic class.,convert_dates
102,signup_date,03/01/2025,2025-01-03,Parse ISO/day-first slash dates; preserve timestamp UTC where applicable; invalid values become missing. Reused from a prior validated recipe with matching semantic class.,convert_dates
103,signup_date,04/01/2025,2025-01-04,Parse ISO/day-first slash dates; preserve timestamp UTC where applicable; invalid values become missing. Reused from a prior validated recipe with matching semantic class.,convert_dates
104,signup_date,05/01/2025,2025-01-05,Parse ISO/day-first slash dates; preserve timestamp UTC where applicable; invalid values become missing. Reused from a prior validated recipe with matching semantic class.,convert_dates
12,full_name, Nour Trabelsi ,Nour Trabelsi,Normalize surrounding spaces and blank cells in full_name; 12 formatting anomalies detected. Identifier case and leading zeros are retained. Reused from a prior validated recipe with matching semantic class.,strip
13,full_name, Nour Trabelsi ,Nour Trabelsi,Normalize surrounding spaces and blank cells in full_name; 12 formatting anomalies detected. Identifier case and leading zeros are retained. Reused from a prior validated recipe with matching semantic class.,strip
15,full_name, Nour Trabelsi ,Nour Trabelsi,Normalize surrounding spaces and blank cells in full_name; 12 formatting anomalies detected. Identifier case and leading zeros are retained. Reused from a prior validated recipe with matching semantic class.,strip
21,full_name, Lina Hamdi ,Lina Hamdi,Normalize surrounding spaces and blank cells in full_name; 12 formatting anomalies detected. Identifier case and leading zeros are retained. Reused from a prior validated recipe with matching semantic class.,strip
26,full_name, Lina Mansour ,Lina Mansour,Normalize surrounding spaces and blank cells in full_name; 12 formatting anomalies detected. Identifier case and leading zeros are retained. Reused from a prior validated recipe with matching semantic class.,strip
27,full_name, Nour Hamdi ,Nour Hamdi,Normalize surrounding spaces and blank cells in full_name; 12 formatting anomalies detected. Identifier case and leading zeros are retained. Reused from a prior validated recipe with matching semantic class.,strip
28,full_name, Youssef Trabelsi ,Youssef Trabelsi,Normalize surrounding spaces and blank cells in full_name; 12 formatting anomalies detected. Identifier case and leading zeros are retained. Reused from a prior validated recipe with matching semantic class.,strip
60,full_name, Adam Karoui ,Adam Karoui,Normalize surrounding spaces and blank cells in full_name; 12 formatting anomalies detected. Identifier case and leading zeros are retained. Reused from a prior validated recipe with matching semantic class.,strip
73,full_name, Samar Hamdi ,Samar Hamdi,Normalize surrounding spaces and blank cells in full_name; 12 formatting anomalies detected. Identifier case and leading zeros are retained. Reused from a prior validated recipe with matching semantic class.,strip
81,full_name, Lina Mansour ,Lina Mansour,Normalize surrounding spaces and blank cells in full_name; 12 formatting anomalies detected. Identifier case and leading zeros are retained. Reused from a prior validated recipe with matching semantic class.,strip
82,full_name, Samar Trabelsi ,Samar Trabelsi,Normalize surrounding spaces and blank cells in full_name; 12 formatting anomalies detected. Identifier case and leading zeros are retained. Reused from a prior validated recipe with matching semantic class.,strip
99,full_name, Samar Karoui ,Samar Karoui,Normalize surrounding spaces and blank cells in full_name; 12 formatting anomalies detected. Identifier case and leading zeros are retained. Reused from a prior validated recipe with matching semantic class.,strip
100,(record),Duplicate record,Removed,Remove identical normalized rows; 5 raw duplicates detected.,remove_duplicates
101,(record),Duplicate record,Removed,Remove identical normalized rows; 5 raw duplicates detected.,remove_duplicates
102,(record),Duplicate record,Removed,Remove identical normalized rows; 5 raw duplicates detected.,remove_duplicates
103,(record),Duplicate record,Removed,Remove identical normalized rows; 5 raw duplicates detected.,remove_duplicates
104,(record),Duplicate record,Removed,Remove identical normalized rows; 5 raw duplicates detected.,remove_duplicates
