transaction_id,customer_id,product_id,amount,transaction_date,full_name,email,city,signup_date,age,town,email_address,client_id,years_old,registered_on,customer_name,product_name,price
1,34,14,369.67,2024-02-15,Person 34,person34@example.com,Sfax,2024-01-07,34.0,Sfax,person34@example.com,34,34.0,2024-01-07,Person 34,Product 14,37.95
2,59,19,443.77,2024-02-15,Person 59,person59@example.com,Sousse,2024-01-04,69.0,Sousse,person59@example.com,59,69.0,2024-01-04,Person 59,Product 19,79.36
3,81,18,460.92,2024-02-15,Person 81,person81@example.com,Sousse,2024-01-26,38.0,Sousse,person81@example.com,81,38.0,2024-01-26,Person 81,Product 18,50.82
4,59,10,254.3,2024-02-15,Person 59,person59@example.com,Sousse,2024-01-04,69.0,Sousse,person59@example.com,59,69.0,2024-01-04,Person 59,Product 10,60.83
5,53,16,,2024-02-15,Person 53,person53@example.com,Sfax,2024-01-26,61.0,Sfax,person53@example.com,53,61.0,2024-01-26,Person 53,Product 16,7.17
6,113,7,400.94,2024-02-15,Person 113,person113@example.com,Sfax,2024-01-02,19.0,Sfax,person113@example.com,113,19.0,2024-01-02,Person 113,Product 7,36.34
7,20,10,160.65,2024-02-15,Person 20,person20@example.com,Sfax,2024-01-21,42.0,Sfax,person20@example.com,20,42.0,2024-01-21,Person 20,Product 10,60.83
8,69,11,419.5,2024-02-15,Person 69,person69@example.com,Tunis,2024-01-14,31.0,Tunis,person69@example.com,69,31.0,2024-01-14,Person 69,Product 11,21.21
9,66,20,249.6,2024-02-15,Person 66,person66@example.com,Tunis,2024-01-11,43.0,Tunis,person66@example.com,66,43.0,2024-01-11,Person 66,Product 20,12.86
10,57,17,62.35,2024-02-15,Person 57,person57@example.com,Sfax,2024-01-02,58.0,Sfax,person57@example.com,57,58.0,2024-01-02,Person 57,Product 17,96.06
11,97,10,40.67,2024-02-15,Person 97,person97@example.com,Tunis,2024-01-14,22.0,Tunis,person97@example.com,97,22.0,2024-01-14,Person 97,Product 10,60.83
12,33,14,421.79,2024-02-15,Person 33,person33@example.com,Tunis,2024-01-06,70.0,Tunis,person33@example.com,33,70.0,2024-01-06,Person 33,Product 14,37.95
13,115,5,32.51,2024-02-15,,person115@example.com,Sfax,2024-01-04,46.0,Sfax,person115@example.com,115,,2024-01-04,Person 115,Product 5,8.95
14,40,17,143.9,2024-02-15,Person 40,person40@example.com,Sfax,2024-01-13,62.0,Sfax,person40@example.com,40,62.0,2024-01-13,Person 40,Product 17,96.06
15,66,12,170.39,2024-02-15,Person 66,person66@example.com,Tunis,2024-01-11,43.0,Tunis,person66@example.com,66,43.0,2024-01-11,Person 66,Product 12,92.89
16,63,11,90.63,2024-02-15,Person 63,person63@example.com,Sfax,2024-01-08,46.0,Sfax,person63@example.com,63,46.0,2024-01-08,Person 63,Product 11,21.21
17,102,16,160.38,2024-02-15,Person 102,person102@example.com,Tunis,2024-01-19,43.0,Tunis,person102@example.com,102,43.0,2024-01-19,Person 102,Product 16,7.17
18,53,13,372.63,2024-02-15,Person 53,person53@example.com,Sfax,2024-01-26,61.0,Sfax,person53@example.com,53,61.0,2024-01-26,Person 53,Product 13,60.2
19,35,2,12.27,2024-02-15,Person 35,person35@example.com,Sousse,2024-01-08,42.0,Sousse,person35@example.com,35,42.0,2024-01-08,Person 35,Product 2,66.74
20,3,6,414.45,2024-02-15,,person3@example.com,Sfax,2024-01-04,55.0,Sfax,person3@example.com,3,55.0,2024-01-04,Person 3,Product 6,51.93
21,44,4,428.99,2024-02-15,Person 44,person44@example.com,Sfax,2024-01-17,41.0,Sfax,person44@example.com,44,41.0,2024-01-17,Person 44,,44.5
22,100,15,189.27,2024-02-15,Person 100,person100@example.com,Tunis,2024-01-17,69.0,Tunis,person100@example.com,100,69.0,2024-01-17,Person 100,Product 15,61.14
23,2,1,81.04,,Person 2,person2@example.com,Sousse,2024-01-03,56.0,Sousse,person2@example.com,2,56.0,2024-01-03,Person 2,Product 1,
24,108,5,302.42,2024-02-15,Person 108,person108@example.com,Sfax,2024-01-25,51.0,Sfax,person108@example.com,108,51.0,2024-01-25,Person 108,Product 5,8.95
25,66,12,64.24,2024-02-15,Person 66,person66@example.com,Tunis,2024-01-11,43.0,Tunis,person66@example.com,66,43.0,2024-01-11,Person 66,Product 12,92.89
26,17,14,185.64,2024-02-15,Person 17,person17@example.com,Sfax,2024-01-18,52.0,,person17@example.com,17,52.0,2024-01-18,Person 17,Product 14,37.95
27,37,11,479.42,2024-02-15,Person 37,person37@example.com,Sousse,2024-01-10,25.0,Sousse,person37@example.com,37,25.0,2024-01-10,Person 37,Product 11,21.21
28,67,18,497.75,2024-02-15,Person 67,person67@example.com,Sousse,2024-01-12,27.0,Sousse,person67@example.com,67,27.0,,Person 67,Product 18,50.82
29,38,19,,2024-02-15,Person 38,person38@example.com,Sousse,2024-01-11,49.0,Sousse,person38@example.com,38,49.0,2024-01-11,Person 38,Product 19,79.36
30,14,3,158.93,2024-02-15,Person 14,person14@example.com,Sousse,2024-01-15,49.0,Sousse,person14@example.com,14,49.0,2024-01-15,Person 14,Product 3,13.02
31,80,20,345.39,2024-02-15,Person 80,person80@example.com,Sousse,2024-01-25,72.0,Sousse,person80@example.com,80,72.0,2024-01-25,Person 80,Product 20,12.86
32,81,13,354.18,2024-02-15,Person 81,person81@example.com,Sousse,2024-01-26,38.0,Sousse,person81@example.com,81,38.0,2024-01-26,Person 81,Product 13,60.2
33,15,13,196.98,2024-02-15,Person 15,person15@example.com,Sousse,2024-01-16,63.0,Sousse,person15@example.com,15,63.0,2024-01-16,Person 15,Product 13,60.2
34,34,2,322.24,2024-02-15,Person 34,person34@example.com,Sfax,2024-01-07,34.0,Sfax,person34@example.com,34,34.0,2024-01-07,Person 34,Product 2,66.74
35,30,13,10.31,2024-02-15,Person 30,person30@example.com,Sfax,2024-01-03,,Sfax,person30@example.com,30,21.0,2024-01-03,Person 30,Product 13,60.2
36,80,15,108.48,,Person 80,person80@example.com,Sousse,2024-01-25,72.0,Sousse,person80@example.com,80,72.0,2024-01-25,Person 80,Product 15,61.14
37,88,12,264.92,2024-02-15,Person 88,person88@example.com,Tunis,2024-01-05,73.0,Tunis,person88@example.com,88,73.0,2024-01-05,,Product 12,92.89
38,88,2,,2024-02-15,Person 88,person88@example.com,Tunis,2024-01-05,73.0,Tunis,person88@example.com,88,73.0,2024-01-05,,Product 2,66.74
39,113,11,87.12,2024-02-15,Person 113,person113@example.com,Sfax,2024-01-02,19.0,Sfax,person113@example.com,113,19.0,2024-01-02,Person 113,Product 11,21.21
40,93,19,418.97,2024-02-15,Person 93,person93@example.com,Sousse,2024-01-10,62.0,Sousse,person93@example.com,93,62.0,2024-01-10,Person 93,Product 19,79.36
41,39,15,494.62,2024-02-15,Person 39,person39@example.com,Tunis,2024-01-12,46.0,Tunis,person39@example.com,39,46.0,2024-01-12,Person 39,Product 15,61.14
42,13,3,280.2,2024-02-15,Person 13,person13@example.com,Sousse,2024-01-14,23.0,,person13@example.com,13,23.0,2024-01-14,Person 13,Product 3,13.02
43,74,20,420.34,2024-02-15,Person 74,person74@example.com,Tunis,2024-01-19,38.0,Tunis,person74@example.com,74,38.0,2024-01-19,,Product 20,12.86
44,110,20,495.21,2024-02-15,Person 110,person110@example.com,Sousse,2024-01-27,28.0,Sousse,person110@example.com,110,28.0,2024-01-27,Person 110,Product 20,12.86
45,118,4,75.09,2024-02-15,Person 118,person118@example.com,Tunis,2024-01-07,42.0,Tunis,person118@example.com,118,42.0,2024-01-07,Person 118,,44.5
46,28,17,226.88,2024-02-15,Person 28,person28@example.com,Sousse,2024-01-01,31.0,,person28@example.com,28,31.0,2024-01-01,Person 28,Product 17,96.06
47,29,9,199.32,2024-02-15,Person 29,person29@example.com,Sfax,2024-01-02,64.0,Sfax,person29@example.com,29,64.0,2024-01-02,Person 29,Product 9,14.82
48,5,12,44.62,2024-02-15,Person 5,person5@example.com,Sfax,2024-01-06,66.0,Sfax,person5@example.com,5,66.0,2024-01-06,Person 5,Product 12,92.89
49,17,9,378.89,2024-02-15,Person 17,person17@example.com,Sfax,2024-01-18,52.0,,person17@example.com,17,52.0,2024-01-18,Person 17,Product 9,14.82
50,67,16,219.72,2024-02-15,Person 67,person67@example.com,Sousse,2024-01-12,27.0,Sousse,person67@example.com,67,27.0,,Person 67,Product 16,7.17
51,66,20,237.32,2024-02-15,Person 66,person66@example.com,Tunis,2024-01-11,43.0,Tunis,person66@example.com,66,43.0,2024-01-11,Person 66,Product 20,12.86
52,45,16,79.58,2024-02-15,Person 45,person45@example.com,Tunis,2024-01-18,41.0,Tunis,person45@example.com,45,41.0,2024-01-18,Person 45,Product 16,7.17
53,38,19,94.56,2024-02-15,Person 38,person38@example.com,Sousse,2024-01-11,49.0,Sousse,person38@example.com,38,49.0,2024-01-11,Person 38,Product 19,79.36
54,100,19,454.02,2024-02-15,Person 100,person100@example.com,Tunis,2024-01-17,69.0,Tunis,person100@example.com,100,69.0,2024-01-17,Person 100,Product 19,79.36
55,56,2,27.1,2024-02-15,Person 56,,,2024-01-01,44.0,Tunis,person56@example.com,56,44.0,2024-01-01,Person 56,Product 2,66.74
56,97,6,120.26,2024-02-15,Person 97,person97@example.com,Tunis,2024-01-14,22.0,Tunis,person97@example.com,97,22.0,2024-01-14,Person 97,Product 6,51.93
57,116,15,,2024-02-15,Person 116,person116@example.com,Sfax,2024-01-05,59.0,Sfax,person116@example.com,116,59.0,2024-01-05,Person 116,Product 15,61.14
58,39,12,247.65,2024-02-15,Person 39,person39@example.com,Tunis,2024-01-12,46.0,Tunis,person39@example.com,39,46.0,2024-01-12,Person 39,Product 12,92.89
59,25,2,295.29,2024-02-15,Person 25,person25@example.com,Sousse,2024-01-26,74.0,Sousse,person25@example.com,25,74.0,2024-01-26,Person 25,Product 2,66.74
60,115,2,249.18,2024-02-15,,person115@example.com,Sfax,2024-01-04,46.0,Sfax,person115@example.com,115,,2024-01-04,Person 115,Product 2,66.74
61,77,11,46.64,2024-02-15,Person 77,person77@example.com,Tunis,2024-01-22,37.0,Tunis,person77@example.com,77,37.0,2024-01-22,Person 77,Product 11,21.21
62,35,13,125.62,2024-02-15,Person 35,person35@example.com,Sousse,2024-01-08,42.0,Sousse,person35@example.com,35,42.0,2024-01-08,Person 35,Product 13,60.2
63,75,4,422.58,,Person 75,person75@example.com,Sousse,2024-01-20,72.0,Sousse,person75@example.com,75,72.0,2024-01-20,Person 75,,44.5
64,62,4,320.61,,Person 62,person62@example.com,Sousse,2024-01-07,26.0,Sousse,person62@example.com,62,26.0,2024-01-07,Person 62,,44.5
65,109,3,326.33,2024-02-15,Person 109,person109@example.com,Sfax,2024-01-26,49.0,Sfax,,109,49.0,2024-01-26,Person 109,Product 3,13.02
66,31,12,336.75,2024-02-15,Person 31,person31@example.com,Sfax,,66.0,,person31@example.com,31,66.0,2024-01-04,Person 31,Product 12,92.89
67,119,1,382.64,,Person 119,person119@example.com,Tunis,2024-01-08,35.0,Tunis,person119@example.com,119,35.0,2024-01-08,Person 119,Product 1,
68,113,12,33.76,2024-02-15,Person 113,person113@example.com,Sfax,2024-01-02,19.0,Sfax,person113@example.com,113,19.0,2024-01-02,Person 113,Product 12,92.89
69,22,10,186.47,2024-02-15,Person 22,person22@example.com,Sfax,2024-01-23,30.0,Sfax,person22@example.com,22,30.0,2024-01-23,Person 22,Product 10,60.83
70,20,10,272.07,2024-02-15,Person 20,person20@example.com,Sfax,2024-01-21,42.0,Sfax,person20@example.com,20,42.0,2024-01-21,Person 20,Product 10,60.83
71,64,14,172.54,2024-02-15,Person 64,person64@example.com,Sousse,2024-01-09,57.0,Sousse,person64@example.com,64,57.0,2024-01-09,Person 64,Product 14,37.95
72,6,11,423.02,2024-02-15,,,Sousse,2024-01-07,50.0,Sousse,person6@example.com,6,50.0,2024-01-07,Person 6,Product 11,21.21
73,36,15,243.87,2024-02-15,Person 36,person36@example.com,Tunis,2024-01-09,55.0,Tunis,,36,55.0,,Person 36,Product 15,61.14
74,53,16,385.47,2024-02-15,Person 53,person53@example.com,Sfax,2024-01-26,61.0,Sfax,person53@example.com,53,61.0,2024-01-26,Person 53,Product 16,7.17
75,117,19,426.75,2024-02-15,Person 117,person117@example.com,,2024-01-06,55.0,Tunis,person117@example.com,117,55.0,2024-01-06,Person 117,Product 19,79.36
76,120,16,254.87,2024-02-15,Person 120,person120@example.com,Tunis,2024-01-09,53.0,Tunis,person120@example.com,120,53.0,2024-01-09,Person 120,Product 16,7.17
77,19,11,455.23,2024-02-15,Person 19,person19@example.com,Sousse,2024-01-20,37.0,Sousse,person19@example.com,19,37.0,2024-01-20,Person 19,Product 11,21.21
78,108,10,295.63,2024-02-15,Person 108,person108@example.com,Sfax,2024-01-25,51.0,Sfax,person108@example.com,108,51.0,2024-01-25,Person 108,Product 10,60.83
79,11,5,425.89,2024-02-15,Person 11,person11@example.com,Sfax,2024-01-12,,Sfax,person11@example.com,11,50.0,2024-01-12,Person 11,Product 5,8.95
80,90,12,173.59,2024-02-15,Person 90,,Sousse,2024-01-07,62.0,Sousse,person90@example.com,90,62.0,2024-01-07,Person 90,Product 12,92.89
81,102,3,251.91,2024-02-15,Person 102,person102@example.com,Tunis,2024-01-19,43.0,Tunis,person102@example.com,102,43.0,2024-01-19,Person 102,Product 3,13.02
82,107,19,268.05,2024-02-15,Person 107,person107@example.com,Sousse,2024-01-24,64.0,Sousse,person107@example.com,107,64.0,2024-01-24,Person 107,Product 19,79.36
83,27,17,56.96,2024-02-15,Person 27,person27@example.com,Sfax,2024-01-28,19.0,Sfax,person27@example.com,27,19.0,,Person 27,Product 17,96.06
84,108,3,202.28,2024-02-15,Person 108,person108@example.com,Sfax,2024-01-25,51.0,Sfax,person108@example.com,108,51.0,2024-01-25,Person 108,Product 3,13.02
85,14,16,459.08,2024-02-15,Person 14,person14@example.com,Sousse,2024-01-15,49.0,Sousse,person14@example.com,14,49.0,2024-01-15,Person 14,Product 16,7.17
86,63,3,317.26,2024-02-15,Person 63,person63@example.com,Sfax,2024-01-08,46.0,Sfax,person63@example.com,63,46.0,2024-01-08,Person 63,Product 3,13.02
87,57,15,92.87,2024-02-15,Person 57,person57@example.com,Sfax,2024-01-02,58.0,Sfax,person57@example.com,57,58.0,2024-01-02,Person 57,Product 15,61.14
88,38,2,172.73,2024-02-15,Person 38,person38@example.com,Sousse,2024-01-11,49.0,Sousse,person38@example.com,38,49.0,2024-01-11,Person 38,Product 2,66.74
89,3,10,,2024-02-15,,person3@example.com,Sfax,2024-01-04,55.0,Sfax,person3@example.com,3,55.0,2024-01-04,Person 3,Product 10,60.83
90,93,14,17.29,2024-02-15,Person 93,person93@example.com,Sousse,2024-01-10,62.0,Sousse,person93@example.com,93,62.0,2024-01-10,Person 93,Product 14,37.95
91,41,15,464.09,2024-02-15,,person41@example.com,Tunis,2024-01-14,74.0,Tunis,person41@example.com,41,74.0,2024-01-14,Person 41,Product 15,61.14
92,80,9,226.86,2024-02-15,Person 80,person80@example.com,Sousse,2024-01-25,72.0,Sousse,person80@example.com,80,72.0,2024-01-25,Person 80,Product 9,14.82
93,50,19,157.23,,Person 50,person50@example.com,Sousse,2024-01-23,19.0,Sousse,person50@example.com,50,19.0,2024-01-23,Person 50,Product 19,79.36
94,45,16,301.25,2024-02-15,Person 45,person45@example.com,Tunis,2024-01-18,41.0,Tunis,person45@example.com,45,41.0,2024-01-18,Person 45,Product 16,7.17
95,107,5,8.62,2024-02-15,Person 107,person107@example.com,Sousse,2024-01-24,64.0,Sousse,person107@example.com,107,64.0,2024-01-24,Person 107,Product 5,8.95
96,12,14,142.62,2024-02-15,Person 12,,Sousse,2024-01-13,49.0,Sousse,person12@example.com,12,49.0,2024-01-13,Person 12,Product 14,37.95
97,89,15,353.0,2024-02-15,Person 89,person89@example.com,Sousse,2024-01-06,33.0,Sousse,person89@example.com,89,33.0,2024-01-06,Person 89,Product 15,61.14
98,90,7,318.72,2024-02-15,Person 90,,Sousse,2024-01-07,62.0,Sousse,person90@example.com,90,62.0,2024-01-07,Person 90,Product 7,36.34
99,46,15,490.99,2024-02-15,Person 46,person46@example.com,Sousse,2024-01-19,64.0,Sousse,person46@example.com,46,64.0,2024-01-19,Person 46,Product 15,61.14
100,32,18,312.08,2024-02-15,Person 32,person32@example.com,Tunis,2024-01-05,34.0,Tunis,person32@example.com,32,34.0,2024-01-05,Person 32,Product 18,50.82
101,1,17,241.37,2024-02-15,Person 1,person1@example.com,Tunis,2024-01-02,43.0,Tunis,person1@example.com,1,43.0,2024-01-02,Person 1,Product 17,96.06
102,113,16,381.91,2024-02-15,Person 113,person113@example.com,Sfax,2024-01-02,19.0,Sfax,person113@example.com,113,19.0,2024-01-02,Person 113,Product 16,7.17
103,114,13,452.15,2024-02-15,Person 114,person114@example.com,Sfax,2024-01-03,,Sfax,person114@example.com,114,,2024-01-03,Person 114,Product 13,60.2
104,29,6,361.74,2024-02-15,Person 29,person29@example.com,Sfax,2024-01-02,64.0,Sfax,person29@example.com,29,64.0,2024-01-02,Person 29,Product 6,51.93
105,4,16,481.79,2024-02-15,Person 4,person4@example.com,Sfax,2024-01-05,44.0,Sfax,person4@example.com,4,44.0,2024-01-05,Person 4,Product 16,7.17
106,15,8,,2024-02-15,Person 15,person15@example.com,Sousse,2024-01-16,63.0,Sousse,person15@example.com,15,63.0,2024-01-16,Person 15,Product 8,18.73
107,9,11,434.07,2024-02-15,Person 9,person9@example.com,Tunis,2024-01-10,50.0,Tunis,person9@example.com,9,50.0,2024-01-10,Person 9,Product 11,21.21
108,100,7,61.48,2024-02-15,Person 100,person100@example.com,Tunis,2024-01-17,69.0,Tunis,person100@example.com,100,69.0,2024-01-17,Person 100,Product 7,36.34
109,108,7,367.54,2024-02-15,Person 108,person108@example.com,Sfax,2024-01-25,51.0,Sfax,person108@example.com,108,51.0,2024-01-25,Person 108,Product 7,36.34
110,19,4,222.84,2024-02-15,Person 19,person19@example.com,Sousse,2024-01-20,37.0,Sousse,person19@example.com,19,37.0,2024-01-20,Person 19,,44.5
111,90,20,278.79,2024-02-15,Person 90,,Sousse,2024-01-07,62.0,Sousse,person90@example.com,90,62.0,2024-01-07,Person 90,Product 20,12.86
112,22,3,328.78,2024-02-15,Person 22,person22@example.com,Sfax,2024-01-23,30.0,Sfax,person22@example.com,22,30.0,2024-01-23,Person 22,Product 3,13.02
113,45,2,485.06,2024-02-15,Person 45,person45@example.com,Tunis,2024-01-18,41.0,Tunis,person45@example.com,45,41.0,2024-01-18,Person 45,Product 2,66.74
114,72,19,492.37,2024-02-15,Person 72,person72@example.com,Tunis,2024-01-17,53.0,Tunis,person72@example.com,72,53.0,2024-01-17,Person 72,Product 19,79.36
115,87,12,147.67,2024-02-15,Person 87,person87@example.com,Tunis,2024-01-04,61.0,Tunis,person87@example.com,87,61.0,2024-01-04,Person 87,Product 12,92.89
116,105,9,368.21,2024-02-15,Person 105,person105@example.com,Sousse,2024-01-22,59.0,Sousse,person105@example.com,105,59.0,2024-01-22,Person 105,Product 9,14.82
117,6,15,376.24,2024-02-15,,,Sousse,2024-01-07,50.0,Sousse,person6@example.com,6,50.0,2024-01-07,Person 6,Product 15,61.14
118,24,8,176.51,2024-02-15,Person 24,person24@example.com,,2024-01-25,41.0,Sousse,person24@example.com,24,41.0,2024-01-25,Person 24,Product 8,18.73
119,34,3,66.32,2024-02-15,Person 34,person34@example.com,Sfax,2024-01-07,34.0,Sfax,person34@example.com,34,34.0,2024-01-07,Person 34,Product 3,13.02
120,38,15,25.27,2024-02-15,Person 38,person38@example.com,Sousse,2024-01-11,49.0,Sousse,person38@example.com,38,49.0,2024-01-11,Person 38,Product 15,61.14
121,120,4,389.78,2024-02-15,Person 120,person120@example.com,Tunis,2024-01-09,53.0,Tunis,person120@example.com,120,53.0,2024-01-09,Person 120,,44.5
122,94,12,247.4,2024-02-15,Person 94,person94@example.com,Sfax,2024-01-11,43.0,Sfax,person94@example.com,94,43.0,2024-01-11,Person 94,Product 12,92.89
123,39,19,492.84,2024-02-15,Person 39,person39@example.com,Tunis,2024-01-12,46.0,Tunis,person39@example.com,39,46.0,2024-01-12,Person 39,Product 19,79.36
124,117,19,235.16,2024-02-15,Person 117,person117@example.com,,2024-01-06,55.0,Tunis,person117@example.com,117,55.0,2024-01-06,Person 117,Product 19,79.36
125,60,8,489.07,2024-02-15,Person 60,person60@example.com,Sousse,2024-01-05,46.0,Sousse,person60@example.com,60,46.0,2024-01-05,Person 60,Product 8,18.73
126,61,16,208.73,2024-02-15,Person 61,person61@example.com,Sousse,2024-01-06,71.0,Sousse,person61@example.com,61,71.0,2024-01-06,Person 61,Product 16,7.17
127,53,13,397.87,2024-02-15,Person 53,person53@example.com,Sfax,2024-01-26,61.0,Sfax,person53@example.com,53,61.0,2024-01-26,Person 53,Product 13,60.2
128,18,10,46.99,2024-02-15,Person 18,person18@example.com,Tunis,2024-01-19,19.0,Tunis,person18@example.com,18,19.0,2024-01-19,Person 18,Product 10,60.83
129,113,3,279.95,2024-02-15,Person 113,person113@example.com,Sfax,2024-01-02,19.0,Sfax,person113@example.com,113,19.0,2024-01-02,Person 113,Product 3,13.02
130,2,8,402.02,2024-02-15,Person 2,person2@example.com,Sousse,2024-01-03,56.0,Sousse,person2@example.com,2,56.0,2024-01-03,Person 2,Product 8,18.73
131,21,14,462.73,2024-02-15,Person 21,person21@example.com,Sfax,2024-01-22,74.0,Sfax,person21@example.com,21,74.0,2024-01-22,Person 21,Product 14,37.95
132,28,20,412.18,2024-02-15,Person 28,person28@example.com,Sousse,2024-01-01,31.0,,person28@example.com,28,31.0,2024-01-01,Person 28,Product 20,12.86
133,34,1,,2024-02-15,Person 34,person34@example.com,Sfax,2024-01-07,34.0,Sfax,person34@example.com,34,34.0,2024-01-07,Person 34,Product 1,
134,16,15,,2024-02-15,Person 16,person16@example.com,Sousse,,35.0,Sousse,person16@example.com,16,35.0,2024-01-17,Person 16,Product 15,61.14
135,3,17,29.11,,,person3@example.com,Sfax,2024-01-04,55.0,Sfax,person3@example.com,3,55.0,2024-01-04,Person 3,Product 17,96.06
136,82,20,59.09,2024-02-15,Person 82,person82@example.com,Sfax,2024-01-27,69.0,Sfax,person82@example.com,82,69.0,2024-01-27,Person 82,Product 20,12.86
137,117,9,339.28,2024-02-15,Person 117,person117@example.com,,2024-01-06,55.0,Tunis,person117@example.com,117,55.0,2024-01-06,Person 117,Product 9,14.82
138,15,3,358.06,2024-02-15,Person 15,person15@example.com,Sousse,2024-01-16,63.0,Sousse,person15@example.com,15,63.0,2024-01-16,Person 15,Product 3,13.02
139,36,6,387.99,2024-02-15,Person 36,person36@example.com,Tunis,2024-01-09,55.0,Tunis,,36,55.0,,Person 36,Product 6,51.93
140,61,18,433.4,2024-02-15,Person 61,person61@example.com,Sousse,2024-01-06,71.0,Sousse,person61@example.com,61,71.0,2024-01-06,Person 61,Product 18,50.82
141,112,18,371.02,2024-02-15,Person 112,person112@example.com,Sousse,2024-01-01,66.0,Sousse,person112@example.com,112,66.0,2024-01-01,Person 112,Product 18,50.82
142,84,13,401.43,2024-02-15,Person 84,person84@example.com,Sousse,2024-01-01,57.0,Sousse,person84@example.com,84,57.0,2024-01-01,Person 84,Product 13,60.2
143,92,3,29.24,2024-02-15,Person 92,person92@example.com,Sousse,2024-01-09,58.0,Sousse,,92,58.0,2024-01-09,Person 92,Product 3,13.02
144,70,3,121.09,2024-02-15,Person 70,person70@example.com,Sfax,2024-01-15,35.0,Sfax,person70@example.com,70,35.0,2024-01-15,Person 70,Product 3,13.02
145,51,10,312.84,2024-02-15,Person 51,person51@example.com,Sousse,2024-01-24,24.0,Sousse,person51@example.com,51,24.0,2024-01-24,Person 51,Product 10,60.83
146,24,12,429.77,2024-02-15,Person 24,person24@example.com,,2024-01-25,41.0,Sousse,person24@example.com,24,41.0,2024-01-25,Person 24,Product 12,92.89
147,104,1,7.23,2024-02-15,Person 104,person104@example.com,Tunis,2024-01-21,29.0,Tunis,,104,29.0,2024-01-21,Person 104,Product 1,
148,97,14,259.74,,Person 97,person97@example.com,Tunis,2024-01-14,22.0,Tunis,person97@example.com,97,22.0,2024-01-14,Person 97,Product 14,37.95
149,4,11,340.26,2024-02-15,Person 4,person4@example.com,Sfax,2024-01-05,44.0,Sfax,person4@example.com,4,44.0,2024-01-05,Person 4,Product 11,21.21
150,86,1,19.66,2024-02-15,Person 86,person86@example.com,Sousse,2024-01-03,33.0,Sousse,person86@example.com,86,33.0,2024-01-03,Person 86,Product 1,
151,11,2,203.67,2024-02-15,Person 11,person11@example.com,Sfax,2024-01-12,,Sfax,person11@example.com,11,50.0,2024-01-12,Person 11,Product 2,66.74
152,89,10,448.34,2024-02-15,Person 89,person89@example.com,Sousse,2024-01-06,33.0,Sousse,person89@example.com,89,33.0,2024-01-06,Person 89,Product 10,60.83
153,100,15,337.45,2024-02-15,Person 100,person100@example.com,Tunis,2024-01-17,69.0,Tunis,person100@example.com,100,69.0,2024-01-17,Person 100,Product 15,61.14
154,16,17,122.64,2024-02-15,Person 16,person16@example.com,Sousse,,35.0,Sousse,person16@example.com,16,35.0,2024-01-17,Person 16,Product 17,96.06
155,53,9,427.13,2024-02-15,Person 53,person53@example.com,Sfax,2024-01-26,61.0,Sfax,person53@example.com,53,61.0,2024-01-26,Person 53,Product 9,14.82
156,15,6,177.28,2024-02-15,Person 15,person15@example.com,Sousse,2024-01-16,63.0,Sousse,person15@example.com,15,63.0,2024-01-16,Person 15,Product 6,51.93
157,69,20,427.41,2024-02-15,Person 69,person69@example.com,Tunis,2024-01-14,31.0,Tunis,person69@example.com,69,31.0,2024-01-14,Person 69,Product 20,12.86
158,112,10,152.98,2024-02-15,Person 112,person112@example.com,Sousse,2024-01-01,66.0,Sousse,person112@example.com,112,66.0,2024-01-01,Person 112,Product 10,60.83
159,10,7,,2024-02-15,Person 10,person10@example.com,Tunis,2024-01-11,54.0,Tunis,person10@example.com,10,54.0,2024-01-11,Person 10,Product 7,36.34
160,48,9,201.49,2024-02-15,Person 48,person48@example.com,Sousse,2024-01-21,27.0,Sousse,person48@example.com,48,27.0,2024-01-21,Person 48,Product 9,14.82
161,117,1,141.04,2024-02-15,Person 117,person117@example.com,,2024-01-06,55.0,Tunis,person117@example.com,117,55.0,2024-01-06,Person 117,Product 1,
162,37,7,443.85,,Person 37,person37@example.com,Sousse,2024-01-10,25.0,Sousse,person37@example.com,37,25.0,2024-01-10,Person 37,Product 7,36.34
163,16,11,97.86,2024-02-15,Person 16,person16@example.com,Sousse,,35.0,Sousse,person16@example.com,16,35.0,2024-01-17,Person 16,Product 11,21.21
164,59,19,46.98,2024-02-15,Person 59,person59@example.com,Sousse,2024-01-04,69.0,Sousse,person59@example.com,59,69.0,2024-01-04,Person 59,Product 19,79.36
165,62,15,174.25,2024-02-15,Person 62,person62@example.com,Sousse,2024-01-07,26.0,Sousse,person62@example.com,62,26.0,2024-01-07,Person 62,Product 15,61.14
166,80,16,360.23,2024-02-15,Person 80,person80@example.com,Sousse,2024-01-25,72.0,Sousse,person80@example.com,80,72.0,2024-01-25,Person 80,Product 16,7.17
167,38,11,404.68,2024-02-15,Person 38,person38@example.com,Sousse,2024-01-11,49.0,Sousse,person38@example.com,38,49.0,2024-01-11,Person 38,Product 11,21.21
168,115,3,499.38,2024-02-15,,person115@example.com,Sfax,2024-01-04,46.0,Sfax,person115@example.com,115,,2024-01-04,Person 115,Product 3,13.02
169,63,8,151.7,2024-02-15,Person 63,person63@example.com,Sfax,2024-01-08,46.0,Sfax,person63@example.com,63,46.0,2024-01-08,Person 63,Product 8,18.73
170,35,20,206.93,2024-02-15,Person 35,person35@example.com,Sousse,2024-01-08,42.0,Sousse,person35@example.com,35,42.0,2024-01-08,Person 35,Product 20,12.86
171,116,1,72.73,2024-02-15,Person 116,person116@example.com,Sfax,2024-01-05,59.0,Sfax,person116@example.com,116,59.0,2024-01-05,Person 116,Product 1,
172,111,18,289.56,2024-02-15,Person 111,person111@example.com,Tunis,2024-01-28,44.0,Tunis,person111@example.com,111,44.0,,Person 111,Product 18,50.82
173,60,14,498.8,2024-02-15,Person 60,person60@example.com,Sousse,2024-01-05,46.0,Sousse,person60@example.com,60,46.0,2024-01-05,Person 60,Product 14,37.95
174,3,6,351.94,2024-02-15,,person3@example.com,Sfax,2024-01-04,55.0,Sfax,person3@example.com,3,55.0,2024-01-04,Person 3,Product 6,51.93
175,72,16,299.63,2024-02-15,Person 72,person72@example.com,Tunis,2024-01-17,53.0,Tunis,person72@example.com,72,53.0,2024-01-17,Person 72,Product 16,7.17
176,67,17,199.22,2024-02-15,Person 67,person67@example.com,Sousse,2024-01-12,27.0,Sousse,person67@example.com,67,27.0,,Person 67,Product 17,96.06
177,18,1,458.07,2024-02-15,Person 18,person18@example.com,Tunis,2024-01-19,19.0,Tunis,person18@example.com,18,19.0,2024-01-19,Person 18,Product 1,
178,77,3,250.97,2024-02-15,Person 77,person77@example.com,Tunis,2024-01-22,37.0,Tunis,person77@example.com,77,37.0,2024-01-22,Person 77,Product 3,13.02
179,101,14,71.51,2024-02-15,Person 101,person101@example.com,Sousse,2024-01-18,25.0,Sousse,person101@example.com,101,25.0,2024-01-18,Person 101,Product 14,37.95
180,13,20,185.86,2024-02-15,Person 13,person13@example.com,Sousse,2024-01-14,23.0,,person13@example.com,13,23.0,2024-01-14,Person 13,Product 20,12.86
181,87,1,38.25,2024-02-15,Person 87,person87@example.com,Tunis,2024-01-04,61.0,Tunis,person87@example.com,87,61.0,2024-01-04,Person 87,Product 1,
182,17,14,104.98,2024-02-15,Person 17,person17@example.com,Sfax,2024-01-18,52.0,,person17@example.com,17,52.0,2024-01-18,Person 17,Product 14,37.95
183,90,3,13.75,2024-02-15,Person 90,,Sousse,2024-01-07,62.0,Sousse,person90@example.com,90,62.0,2024-01-07,Person 90,Product 3,13.02
184,51,14,229.37,2024-02-15,Person 51,person51@example.com,Sousse,2024-01-24,24.0,Sousse,person51@example.com,51,24.0,2024-01-24,Person 51,Product 14,37.95
185,1,13,319.1,2024-02-15,Person 1,person1@example.com,Tunis,2024-01-02,43.0,Tunis,person1@example.com,1,43.0,2024-01-02,Person 1,Product 13,60.2
186,116,2,174.93,2024-02-15,Person 116,person116@example.com,Sfax,2024-01-05,59.0,Sfax,person116@example.com,116,59.0,2024-01-05,Person 116,Product 2,66.74
187,20,14,,2024-02-15,Person 20,person20@example.com,Sfax,2024-01-21,42.0,Sfax,person20@example.com,20,42.0,2024-01-21,Person 20,Product 14,37.95
188,72,18,479.81,2024-02-15,Person 72,person72@example.com,Tunis,2024-01-17,53.0,Tunis,person72@example.com,72,53.0,2024-01-17,Person 72,Product 18,50.82
189,22,18,377.22,2024-02-15,Person 22,person22@example.com,Sfax,2024-01-23,30.0,Sfax,person22@example.com,22,30.0,2024-01-23,Person 22,Product 18,50.82
190,112,1,272.72,2024-02-15,Person 112,person112@example.com,Sousse,2024-01-01,66.0,Sousse,person112@example.com,112,66.0,2024-01-01,Person 112,Product 1,
191,89,5,145.85,2024-02-15,Person 89,person89@example.com,Sousse,2024-01-06,33.0,Sousse,person89@example.com,89,33.0,2024-01-06,Person 89,Product 5,8.95
192,97,5,449.01,2024-02-15,Person 97,person97@example.com,Tunis,2024-01-14,22.0,Tunis,person97@example.com,97,22.0,2024-01-14,Person 97,Product 5,8.95
193,52,10,121.37,2024-02-15,Person 52,person52@example.com,Tunis,2024-01-25,23.0,Tunis,person52@example.com,52,23.0,2024-01-25,Person 52,Product 10,60.83
194,57,3,166.04,2024-02-15,Person 57,person57@example.com,Sfax,2024-01-02,58.0,Sfax,person57@example.com,57,58.0,2024-01-02,Person 57,Product 3,13.02
195,77,18,454.99,2024-02-15,Person 77,person77@example.com,Tunis,2024-01-22,37.0,Tunis,person77@example.com,77,37.0,2024-01-22,Person 77,Product 18,50.82
196,95,16,267.12,2024-02-15,Person 95,person95@example.com,Sousse,2024-01-12,60.0,Sousse,person95@example.com,95,60.0,2024-01-12,Person 95,Product 16,7.17
197,102,17,372.45,2024-02-15,Person 102,person102@example.com,Tunis,2024-01-19,43.0,Tunis,person102@example.com,102,43.0,2024-01-19,Person 102,Product 17,96.06
198,3,4,297.42,2024-02-15,,person3@example.com,Sfax,2024-01-04,55.0,Sfax,person3@example.com,3,55.0,2024-01-04,Person 3,,44.5
199,80,1,328.45,2024-02-15,Person 80,person80@example.com,Sousse,2024-01-25,72.0,Sousse,person80@example.com,80,72.0,2024-01-25,Person 80,Product 1,
200,14,19,153.19,2024-02-15,Person 14,person14@example.com,Sousse,2024-01-15,49.0,Sousse,person14@example.com,14,49.0,2024-01-15,Person 14,Product 19,79.36
201,35,6,124.48,2024-02-15,Person 35,person35@example.com,Sousse,2024-01-08,42.0,Sousse,person35@example.com,35,42.0,2024-01-08,Person 35,Product 6,51.93
202,100,14,164.63,2024-02-15,Person 100,person100@example.com,Tunis,2024-01-17,69.0,Tunis,person100@example.com,100,69.0,2024-01-17,Person 100,Product 14,37.95
203,31,19,81.94,2024-02-15,Person 31,person31@example.com,Sfax,,66.0,,person31@example.com,31,66.0,2024-01-04,Person 31,Product 19,79.36
204,96,1,437.79,2024-02-15,Person 96,person96@example.com,Tunis,2024-01-13,33.0,Tunis,person96@example.com,96,33.0,2024-01-13,Person 96,Product 1,
205,56,1,145.21,2024-02-15,Person 56,,,2024-01-01,44.0,Tunis,person56@example.com,56,44.0,2024-01-01,Person 56,Product 1,
206,28,1,282.94,2024-02-15,Person 28,person28@example.com,Sousse,2024-01-01,31.0,,person28@example.com,28,31.0,2024-01-01,Person 28,Product 1,
207,41,4,,2024-02-15,,person41@example.com,Tunis,2024-01-14,74.0,Tunis,person41@example.com,41,74.0,2024-01-14,Person 41,,44.5
208,64,2,392.99,2024-02-15,Person 64,person64@example.com,Sousse,2024-01-09,57.0,Sousse,person64@example.com,64,57.0,2024-01-09,Person 64,Product 2,66.74
209,92,17,222.0,2024-02-15,Person 92,person92@example.com,Sousse,2024-01-09,58.0,Sousse,,92,58.0,2024-01-09,Person 92,Product 17,96.06
210,73,13,240.75,2024-02-15,Person 73,person73@example.com,Sfax,2024-01-18,52.0,Sfax,person73@example.com,73,52.0,2024-01-18,Person 73,Product 13,60.2
211,112,20,497.38,2024-02-15,Person 112,person112@example.com,Sousse,2024-01-01,66.0,Sousse,person112@example.com,112,66.0,2024-01-01,Person 112,Product 20,12.86
212,105,17,338.93,2024-02-15,Person 105,person105@example.com,Sousse,2024-01-22,59.0,Sousse,person105@example.com,105,59.0,2024-01-22,Person 105,Product 17,96.06
213,91,20,408.25,2024-02-15,Person 91,person91@example.com,Sfax,2024-01-08,32.0,Sfax,person91@example.com,91,32.0,2024-01-08,Person 91,Product 20,12.86
214,73,5,451.76,2024-02-15,Person 73,person73@example.com,Sfax,2024-01-18,52.0,Sfax,person73@example.com,73,52.0,2024-01-18,Person 73,Product 5,8.95
215,35,6,394.86,2024-02-15,Person 35,person35@example.com,Sousse,2024-01-08,42.0,Sousse,person35@example.com,35,42.0,2024-01-08,Person 35,Product 6,51.93
216,50,17,96.66,2024-02-15,Person 50,person50@example.com,Sousse,2024-01-23,19.0,Sousse,person50@example.com,50,19.0,2024-01-23,Person 50,Product 17,96.06
217,15,5,283.27,2024-02-15,Person 15,person15@example.com,Sousse,2024-01-16,63.0,Sousse,person15@example.com,15,63.0,2024-01-16,Person 15,Product 5,8.95
218,45,2,55.44,2024-02-15,Person 45,person45@example.com,Tunis,2024-01-18,41.0,Tunis,person45@example.com,45,41.0,2024-01-18,Person 45,Product 2,66.74
219,112,14,328.2,,Person 112,person112@example.com,Sousse,2024-01-01,66.0,Sousse,person112@example.com,112,66.0,2024-01-01,Person 112,Product 14,37.95
220,52,17,477.9,2024-02-15,Person 52,person52@example.com,Tunis,2024-01-25,23.0,Tunis,person52@example.com,52,23.0,2024-01-25,Person 52,Product 17,96.06
221,14,20,258.8,2024-02-15,Person 14,person14@example.com,Sousse,2024-01-15,49.0,Sousse,person14@example.com,14,49.0,2024-01-15,Person 14,Product 20,12.86
222,79,19,219.32,2024-02-15,Person 79,person79@example.com,Sfax,2024-01-24,,Sfax,person79@example.com,79,37.0,2024-01-24,Person 79,Product 19,79.36
223,116,3,22.74,2024-02-15,Person 116,person116@example.com,Sfax,2024-01-05,59.0,Sfax,person116@example.com,116,59.0,2024-01-05,Person 116,Product 3,13.02
224,105,16,480.09,2024-02-15,Person 105,person105@example.com,Sousse,2024-01-22,59.0,Sousse,person105@example.com,105,59.0,2024-01-22,Person 105,Product 16,7.17
225,33,17,55.99,2024-02-15,Person 33,person33@example.com,Tunis,2024-01-06,70.0,Tunis,person33@example.com,33,70.0,2024-01-06,Person 33,Product 17,96.06
226,55,14,25.33,2024-02-15,Person 55,person55@example.com,Sfax,,57.0,Sfax,person55@example.com,55,57.0,2024-01-28,Person 55,Product 14,37.95
227,64,17,126.8,2024-02-15,Person 64,person64@example.com,Sousse,2024-01-09,57.0,Sousse,person64@example.com,64,57.0,2024-01-09,Person 64,Product 17,96.06
228,30,17,37.44,2024-02-15,Person 30,person30@example.com,Sfax,2024-01-03,,Sfax,person30@example.com,30,21.0,2024-01-03,Person 30,Product 17,96.06
229,33,9,230.28,2024-02-15,Person 33,person33@example.com,Tunis,2024-01-06,70.0,Tunis,person33@example.com,33,70.0,2024-01-06,Person 33,Product 9,14.82
230,29,1,260.46,2024-02-15,Person 29,person29@example.com,Sfax,2024-01-02,64.0,Sfax,person29@example.com,29,64.0,2024-01-02,Person 29,Product 1,
231,120,10,159.72,2024-02-15,Person 120,person120@example.com,Tunis,2024-01-09,53.0,Tunis,person120@example.com,120,53.0,2024-01-09,Person 120,Product 10,60.83
232,90,5,30.23,,Person 90,,Sousse,2024-01-07,62.0,Sousse,person90@example.com,90,62.0,2024-01-07,Person 90,Product 5,8.95
233,101,3,60.24,2024-02-15,Person 101,person101@example.com,Sousse,2024-01-18,25.0,Sousse,person101@example.com,101,25.0,2024-01-18,Person 101,Product 3,13.02
234,98,3,195.33,2024-02-15,Person 98,person98@example.com,Sousse,2024-01-15,23.0,Sousse,person98@example.com,98,23.0,2024-01-15,Person 98,Product 3,13.02
235,116,14,34.96,2024-02-15,Person 116,person116@example.com,Sfax,2024-01-05,59.0,Sfax,person116@example.com,116,59.0,2024-01-05,Person 116,Product 14,37.95
236,13,11,350.6,2024-02-15,Person 13,person13@example.com,Sousse,2024-01-14,23.0,,person13@example.com,13,23.0,2024-01-14,Person 13,Product 11,21.21
237,106,11,107.48,2024-02-15,Person 106,person106@example.com,Sousse,2024-01-23,35.0,Sousse,person106@example.com,106,35.0,2024-01-23,Person 106,Product 11,21.21
238,8,15,154.53,2024-02-15,Person 8,person8@example.com,Sousse,2024-01-09,61.0,Sousse,person8@example.com,8,61.0,2024-01-09,Person 8,Product 15,61.14
239,58,11,200.09,2024-02-15,Person 58,person58@example.com,Tunis,2024-01-03,27.0,Tunis,person58@example.com,58,27.0,2024-01-03,Person 58,Product 11,21.21
240,72,13,211.22,2024-02-15,Person 72,person72@example.com,Tunis,2024-01-17,53.0,Tunis,person72@example.com,72,53.0,2024-01-17,Person 72,Product 13,60.2
241,43,2,5.82,2024-02-15,Person 43,person43@example.com,Sousse,2024-01-16,41.0,Sousse,person43@example.com,43,41.0,2024-01-16,Person 43,Product 2,66.74
242,18,18,60.47,2024-02-15,Person 18,person18@example.com,Tunis,2024-01-19,19.0,Tunis,person18@example.com,18,19.0,2024-01-19,Person 18,Product 18,50.82
243,24,9,432.07,2024-02-15,Person 24,person24@example.com,,2024-01-25,41.0,Sousse,person24@example.com,24,41.0,2024-01-25,Person 24,Product 9,14.82
244,99,4,5.61,2024-02-15,Person 99,person99@example.com,Sfax,2024-01-16,43.0,Sfax,person99@example.com,99,43.0,2024-01-16,,,44.5
245,39,17,256.54,2024-02-15,Person 39,person39@example.com,Tunis,2024-01-12,46.0,Tunis,person39@example.com,39,46.0,2024-01-12,Person 39,Product 17,96.06
246,38,15,247.3,2024-02-15,Person 38,person38@example.com,Sousse,2024-01-11,49.0,Sousse,person38@example.com,38,49.0,2024-01-11,Person 38,Product 15,61.14
247,111,2,169.88,2024-02-15,Person 111,person111@example.com,Tunis,2024-01-28,44.0,Tunis,person111@example.com,111,44.0,,Person 111,Product 2,66.74
248,18,4,218.51,2024-02-15,Person 18,person18@example.com,Tunis,2024-01-19,19.0,Tunis,person18@example.com,18,19.0,2024-01-19,Person 18,,44.5
249,110,1,391.39,2024-02-15,Person 110,person110@example.com,Sousse,2024-01-27,28.0,Sousse,person110@example.com,110,28.0,2024-01-27,Person 110,Product 1,
250,111,6,421.4,2024-02-15,Person 111,person111@example.com,Tunis,2024-01-28,44.0,Tunis,person111@example.com,111,44.0,,Person 111,Product 6,51.93
251,72,2,133.87,2024-02-15,Person 72,person72@example.com,Tunis,2024-01-17,53.0,Tunis,person72@example.com,72,53.0,2024-01-17,Person 72,Product 2,66.74
252,20,15,164.63,2024-02-15,Person 20,person20@example.com,Sfax,2024-01-21,42.0,Sfax,person20@example.com,20,42.0,2024-01-21,Person 20,Product 15,61.14
253,19,11,125.03,,Person 19,person19@example.com,Sousse,2024-01-20,37.0,Sousse,person19@example.com,19,37.0,2024-01-20,Person 19,Product 11,21.21
254,35,20,242.53,2024-02-15,Person 35,person35@example.com,Sousse,2024-01-08,42.0,Sousse,person35@example.com,35,42.0,2024-01-08,Person 35,Product 20,12.86
255,70,15,343.21,2024-02-15,Person 70,person70@example.com,Sfax,2024-01-15,35.0,Sfax,person70@example.com,70,35.0,2024-01-15,Person 70,Product 15,61.14
256,19,13,117.99,2024-02-15,Person 19,person19@example.com,Sousse,2024-01-20,37.0,Sousse,person19@example.com,19,37.0,2024-01-20,Person 19,Product 13,60.2
257,55,11,168.71,2024-02-15,Person 55,person55@example.com,Sfax,,57.0,Sfax,person55@example.com,55,57.0,2024-01-28,Person 55,Product 11,21.21
258,14,2,465.54,2024-02-15,Person 14,person14@example.com,Sousse,2024-01-15,49.0,Sousse,person14@example.com,14,49.0,2024-01-15,Person 14,Product 2,66.74
259,65,2,29.04,2024-02-15,Person 65,person65@example.com,Sfax,2024-01-10,46.0,Sfax,person65@example.com,65,46.0,2024-01-10,Person 65,Product 2,66.74
260,3,13,233.08,2024-02-15,,person3@example.com,Sfax,2024-01-04,55.0,Sfax,person3@example.com,3,55.0,2024-01-04,Person 3,Product 13,60.2
261,86,1,357.22,2024-02-15,Person 86,person86@example.com,Sousse,2024-01-03,33.0,Sousse,person86@example.com,86,33.0,2024-01-03,Person 86,Product 1,
262,7,1,,2024-02-15,Person 7,person7@example.com,Tunis,2024-01-08,,Tunis,person7@example.com,7,22.0,2024-01-08,Person 7,Product 1,
263,24,5,28.45,2024-02-15,Person 24,person24@example.com,,2024-01-25,41.0,Sousse,person24@example.com,24,41.0,2024-01-25,Person 24,Product 5,8.95
264,21,18,73.41,2024-02-15,Person 21,person21@example.com,Sfax,2024-01-22,74.0,Sfax,person21@example.com,21,74.0,2024-01-22,Person 21,Product 18,50.82
265,100,10,,2024-02-15,Person 100,person100@example.com,Tunis,2024-01-17,69.0,Tunis,person100@example.com,100,69.0,2024-01-17,Person 100,Product 10,60.83
266,7,15,9.58,2024-02-15,Person 7,person7@example.com,Tunis,2024-01-08,,Tunis,person7@example.com,7,22.0,2024-01-08,Person 7,Product 15,61.14
267,52,9,98.22,2024-02-15,Person 52,person52@example.com,Tunis,2024-01-25,23.0,Tunis,person52@example.com,52,23.0,2024-01-25,Person 52,Product 9,14.82
268,71,4,20.49,2024-02-15,Person 71,,Sousse,2024-01-16,56.0,Sousse,person71@example.com,71,,2024-01-16,Person 71,,44.5
269,62,8,59.76,2024-02-15,Person 62,person62@example.com,Sousse,2024-01-07,26.0,Sousse,person62@example.com,62,26.0,2024-01-07,Person 62,Product 8,18.73
270,82,2,311.97,2024-02-15,Person 82,person82@example.com,Sfax,2024-01-27,69.0,Sfax,person82@example.com,82,69.0,2024-01-27,Person 82,Product 2,66.74
271,97,16,124.61,2024-02-15,Person 97,person97@example.com,Tunis,2024-01-14,22.0,Tunis,person97@example.com,97,22.0,2024-01-14,Person 97,Product 16,7.17
272,48,4,286.76,2024-02-15,Person 48,person48@example.com,Sousse,2024-01-21,27.0,Sousse,person48@example.com,48,27.0,2024-01-21,Person 48,,44.5
273,100,8,297.15,2024-02-15,Person 100,person100@example.com,Tunis,2024-01-17,69.0,Tunis,person100@example.com,100,69.0,2024-01-17,Person 100,Product 8,18.73
274,39,20,425.47,2024-02-15,Person 39,person39@example.com,Tunis,2024-01-12,46.0,Tunis,person39@example.com,39,46.0,2024-01-12,Person 39,Product 20,12.86
275,119,12,7.35,2024-02-15,Person 119,person119@example.com,Tunis,2024-01-08,35.0,Tunis,person119@example.com,119,35.0,2024-01-08,Person 119,Product 12,92.89
276,61,10,427.42,2024-02-15,Person 61,person61@example.com,Sousse,2024-01-06,71.0,Sousse,person61@example.com,61,71.0,2024-01-06,Person 61,Product 10,60.83
277,89,11,311.46,2024-02-15,Person 89,person89@example.com,Sousse,2024-01-06,33.0,Sousse,person89@example.com,89,33.0,2024-01-06,Person 89,Product 11,21.21
278,106,16,85.56,2024-02-15,Person 106,person106@example.com,Sousse,2024-01-23,35.0,Sousse,person106@example.com,106,35.0,2024-01-23,Person 106,Product 16,7.17
279,96,6,387.6,2024-02-15,Person 96,person96@example.com,Tunis,2024-01-13,33.0,Tunis,person96@example.com,96,33.0,2024-01-13,Person 96,Product 6,51.93
280,103,13,428.47,2024-02-15,Person 103,person103@example.com,Sousse,2024-01-20,58.0,Sousse,person103@example.com,103,58.0,2024-01-20,Person 103,Product 13,60.2
281,65,18,130.86,2024-02-15,Person 65,person65@example.com,Sfax,2024-01-10,46.0,Sfax,person65@example.com,65,46.0,2024-01-10,Person 65,Product 18,50.82
282,6,12,459.8,2024-02-15,,,Sousse,2024-01-07,50.0,Sousse,person6@example.com,6,50.0,2024-01-07,Person 6,Product 12,92.89
283,60,9,229.96,2024-02-15,Person 60,person60@example.com,Sousse,2024-01-05,46.0,Sousse,person60@example.com,60,46.0,2024-01-05,Person 60,Product 9,14.82
284,22,3,303.7,2024-02-15,Person 22,person22@example.com,Sfax,2024-01-23,30.0,Sfax,person22@example.com,22,30.0,2024-01-23,Person 22,Product 3,13.02
285,107,5,492.4,2024-02-15,Person 107,person107@example.com,Sousse,2024-01-24,64.0,Sousse,person107@example.com,107,64.0,2024-01-24,Person 107,Product 5,8.95
286,29,19,183.96,2024-02-15,Person 29,person29@example.com,Sfax,2024-01-02,64.0,Sfax,person29@example.com,29,64.0,2024-01-02,Person 29,Product 19,79.36
287,28,11,407.51,2024-02-15,Person 28,person28@example.com,Sousse,2024-01-01,31.0,,person28@example.com,28,31.0,2024-01-01,Person 28,Product 11,21.21
288,30,7,162.61,2024-02-15,Person 30,person30@example.com,Sfax,2024-01-03,,Sfax,person30@example.com,30,21.0,2024-01-03,Person 30,Product 7,36.34
289,78,9,400.61,2024-02-15,Person 78,person78@example.com,Tunis,2024-01-23,24.0,Tunis,person78@example.com,78,24.0,2024-01-23,Person 78,Product 9,14.82
290,69,12,302.36,2024-02-15,Person 69,person69@example.com,Tunis,2024-01-14,31.0,Tunis,person69@example.com,69,31.0,2024-01-14,Person 69,Product 12,92.89
291,114,11,112.1,2024-02-15,Person 114,person114@example.com,Sfax,2024-01-03,,Sfax,person114@example.com,114,,2024-01-03,Person 114,Product 11,21.21
292,50,14,209.94,2024-02-15,Person 50,person50@example.com,Sousse,2024-01-23,19.0,Sousse,person50@example.com,50,19.0,2024-01-23,Person 50,Product 14,37.95
293,34,6,162.23,2024-02-15,Person 34,person34@example.com,Sfax,2024-01-07,34.0,Sfax,person34@example.com,34,34.0,2024-01-07,Person 34,Product 6,51.93
294,6,13,43.66,2024-02-15,,,Sousse,2024-01-07,50.0,Sousse,person6@example.com,6,50.0,2024-01-07,Person 6,Product 13,60.2
295,1,9,19.77,2024-02-15,Person 1,person1@example.com,Tunis,2024-01-02,43.0,Tunis,person1@example.com,1,43.0,2024-01-02,Person 1,Product 9,14.82
296,45,19,176.51,2024-02-15,Person 45,person45@example.com,Tunis,2024-01-18,41.0,Tunis,person45@example.com,45,41.0,2024-01-18,Person 45,Product 19,79.36
297,112,4,14.42,2024-02-15,Person 112,person112@example.com,Sousse,2024-01-01,66.0,Sousse,person112@example.com,112,66.0,2024-01-01,Person 112,,44.5
298,63,3,86.92,2024-02-15,Person 63,person63@example.com,Sfax,2024-01-08,46.0,Sfax,person63@example.com,63,46.0,2024-01-08,Person 63,Product 3,13.02
299,108,10,363.97,,Person 108,person108@example.com,Sfax,2024-01-25,51.0,Sfax,person108@example.com,108,51.0,2024-01-25,Person 108,Product 10,60.83
300,13,11,,2024-02-15,Person 13,person13@example.com,Sousse,2024-01-14,23.0,,person13@example.com,13,23.0,2024-01-14,Person 13,Product 11,21.21
301,12,14,370.6,2024-02-15,Person 12,,Sousse,2024-01-13,49.0,Sousse,person12@example.com,12,49.0,2024-01-13,Person 12,Product 14,37.95
302,101,9,161.99,2024-02-15,Person 101,person101@example.com,Sousse,2024-01-18,25.0,Sousse,person101@example.com,101,25.0,2024-01-18,Person 101,Product 9,14.82
303,13,19,445.56,2024-02-15,Person 13,person13@example.com,Sousse,2024-01-14,23.0,,person13@example.com,13,23.0,2024-01-14,Person 13,Product 19,79.36
304,7,10,298.95,2024-02-15,Person 7,person7@example.com,Tunis,2024-01-08,,Tunis,person7@example.com,7,22.0,2024-01-08,Person 7,Product 10,60.83
305,49,3,,2024-02-15,Person 49,person49@example.com,Sousse,2024-01-22,37.0,Sousse,person49@example.com,49,37.0,2024-01-22,,Product 3,13.02
306,111,3,76.14,2024-02-15,Person 111,person111@example.com,Tunis,2024-01-28,44.0,Tunis,person111@example.com,111,44.0,,Person 111,Product 3,13.02
307,83,20,348.08,2024-02-15,Person 83,person83@example.com,Tunis,2024-01-28,46.0,Tunis,person83@example.com,83,46.0,2024-01-28,Person 83,Product 20,12.86
308,12,3,90.61,2024-02-15,Person 12,,Sousse,2024-01-13,49.0,Sousse,person12@example.com,12,49.0,2024-01-13,Person 12,Product 3,13.02
309,101,19,256.11,2024-02-15,Person 101,person101@example.com,Sousse,2024-01-18,25.0,Sousse,person101@example.com,101,25.0,2024-01-18,Person 101,Product 19,79.36
310,102,6,495.93,2024-02-15,Person 102,person102@example.com,Tunis,2024-01-19,43.0,Tunis,person102@example.com,102,43.0,2024-01-19,Person 102,Product 6,51.93
311,97,2,6.98,,Person 97,person97@example.com,Tunis,2024-01-14,22.0,Tunis,person97@example.com,97,22.0,2024-01-14,Person 97,Product 2,66.74
312,109,7,13.21,2024-02-15,Person 109,person109@example.com,Sfax,2024-01-26,49.0,Sfax,,109,49.0,2024-01-26,Person 109,Product 7,36.34
313,29,13,496.58,2024-02-15,Person 29,person29@example.com,Sfax,2024-01-02,64.0,Sfax,person29@example.com,29,64.0,2024-01-02,Person 29,Product 13,60.2
314,118,9,294.4,2024-02-15,Person 118,person118@example.com,Tunis,2024-01-07,42.0,Tunis,person118@example.com,118,42.0,2024-01-07,Person 118,Product 9,14.82
315,39,16,67.82,2024-02-15,Person 39,person39@example.com,Tunis,2024-01-12,46.0,Tunis,person39@example.com,39,46.0,2024-01-12,Person 39,Product 16,7.17
316,97,13,449.16,2024-02-15,Person 97,person97@example.com,Tunis,2024-01-14,22.0,Tunis,person97@example.com,97,22.0,2024-01-14,Person 97,Product 13,60.2
317,70,9,440.79,2024-02-15,Person 70,person70@example.com,Sfax,2024-01-15,35.0,Sfax,person70@example.com,70,35.0,2024-01-15,Person 70,Product 9,14.82
318,94,13,270.42,2024-02-15,Person 94,person94@example.com,Sfax,2024-01-11,43.0,Sfax,person94@example.com,94,43.0,2024-01-11,Person 94,Product 13,60.2
319,76,20,312.79,2024-02-15,Person 76,person76@example.com,Sfax,2024-01-21,22.0,Sfax,person76@example.com,76,22.0,2024-01-21,Person 76,Product 20,12.86
320,78,9,140.23,2024-02-15,Person 78,person78@example.com,Tunis,2024-01-23,24.0,Tunis,person78@example.com,78,24.0,2024-01-23,Person 78,Product 9,14.82
321,74,4,30.01,2024-02-15,Person 74,person74@example.com,Tunis,2024-01-19,38.0,Tunis,person74@example.com,74,38.0,2024-01-19,,,44.5
322,94,9,299.31,2024-02-15,Person 94,person94@example.com,Sfax,2024-01-11,43.0,Sfax,person94@example.com,94,43.0,2024-01-11,Person 94,Product 9,14.82
323,89,17,150.9,2024-02-15,Person 89,person89@example.com,Sousse,2024-01-06,33.0,Sousse,person89@example.com,89,33.0,2024-01-06,Person 89,Product 17,96.06
324,17,5,333.49,2024-02-15,Person 17,person17@example.com,Sfax,2024-01-18,52.0,,person17@example.com,17,52.0,2024-01-18,Person 17,Product 5,8.95
325,100,19,418.94,2024-02-15,Person 100,person100@example.com,Tunis,2024-01-17,69.0,Tunis,person100@example.com,100,69.0,2024-01-17,Person 100,Product 19,79.36
326,65,12,13.99,2024-02-15,Person 65,person65@example.com,Sfax,2024-01-10,46.0,Sfax,person65@example.com,65,46.0,2024-01-10,Person 65,Product 12,92.89
327,39,13,299.88,2024-02-15,Person 39,person39@example.com,Tunis,2024-01-12,46.0,Tunis,person39@example.com,39,46.0,2024-01-12,Person 39,Product 13,60.2
328,62,7,119.48,2024-02-15,Person 62,person62@example.com,Sousse,2024-01-07,26.0,Sousse,person62@example.com,62,26.0,2024-01-07,Person 62,Product 7,36.34
329,117,19,437.57,2024-02-15,Person 117,person117@example.com,,2024-01-06,55.0,Tunis,person117@example.com,117,55.0,2024-01-06,Person 117,Product 19,79.36
330,103,1,130.56,2024-02-15,Person 103,person103@example.com,Sousse,2024-01-20,58.0,Sousse,person103@example.com,103,58.0,2024-01-20,Person 103,Product 1,
331,101,6,307.33,2024-02-15,Person 101,person101@example.com,Sousse,2024-01-18,25.0,Sousse,person101@example.com,101,25.0,2024-01-18,Person 101,Product 6,51.93
332,56,9,279.0,2024-02-15,Person 56,,,2024-01-01,44.0,Tunis,person56@example.com,56,44.0,2024-01-01,Person 56,Product 9,14.82
333,95,10,201.1,2024-02-15,Person 95,person95@example.com,Sousse,2024-01-12,60.0,Sousse,person95@example.com,95,60.0,2024-01-12,Person 95,Product 10,60.83
334,47,10,340.42,2024-02-15,Person 47,person47@example.com,Sfax,2024-01-20,36.0,Sfax,person47@example.com,47,36.0,2024-01-20,Person 47,Product 10,60.83
335,83,3,364.26,2024-02-15,Person 83,person83@example.com,Tunis,2024-01-28,46.0,Tunis,person83@example.com,83,46.0,2024-01-28,Person 83,Product 3,13.02
336,77,5,285.63,2024-02-15,Person 77,person77@example.com,Tunis,2024-01-22,37.0,Tunis,person77@example.com,77,37.0,2024-01-22,Person 77,Product 5,8.95
337,30,2,380.42,2024-02-15,Person 30,person30@example.com,Sfax,2024-01-03,,Sfax,person30@example.com,30,21.0,2024-01-03,Person 30,Product 2,66.74
338,32,12,491.79,2024-02-15,Person 32,person32@example.com,Tunis,2024-01-05,34.0,Tunis,person32@example.com,32,34.0,2024-01-05,Person 32,Product 12,92.89
339,8,8,212.54,2024-02-15,Person 8,person8@example.com,Sousse,2024-01-09,61.0,Sousse,person8@example.com,8,61.0,2024-01-09,Person 8,Product 8,18.73
340,17,12,259.72,2024-02-15,Person 17,person17@example.com,Sfax,2024-01-18,52.0,,person17@example.com,17,52.0,2024-01-18,Person 17,Product 12,92.89
341,53,12,11.17,2024-02-15,Person 53,person53@example.com,Sfax,2024-01-26,61.0,Sfax,person53@example.com,53,61.0,2024-01-26,Person 53,Product 12,92.89
342,58,15,399.03,2024-02-15,Person 58,person58@example.com,Tunis,2024-01-03,27.0,Tunis,person58@example.com,58,27.0,2024-01-03,Person 58,Product 15,61.14
343,20,11,262.51,2024-02-15,Person 20,person20@example.com,Sfax,2024-01-21,42.0,Sfax,person20@example.com,20,42.0,2024-01-21,Person 20,Product 11,21.21
344,51,13,206.94,2024-02-15,Person 51,person51@example.com,Sousse,2024-01-24,24.0,Sousse,person51@example.com,51,24.0,2024-01-24,Person 51,Product 13,60.2
345,73,12,51.57,2024-02-15,Person 73,person73@example.com,Sfax,2024-01-18,52.0,Sfax,person73@example.com,73,52.0,2024-01-18,Person 73,Product 12,92.89
346,28,14,445.38,2024-02-15,Person 28,person28@example.com,Sousse,2024-01-01,31.0,,person28@example.com,28,31.0,2024-01-01,Person 28,Product 14,37.95
347,41,13,200.53,2024-02-15,,person41@example.com,Tunis,2024-01-14,74.0,Tunis,person41@example.com,41,74.0,2024-01-14,Person 41,Product 13,60.2
348,45,7,342.88,2024-02-15,Person 45,person45@example.com,Tunis,2024-01-18,41.0,Tunis,person45@example.com,45,41.0,2024-01-18,Person 45,Product 7,36.34
349,61,5,78.94,2024-02-15,Person 61,person61@example.com,Sousse,2024-01-06,71.0,Sousse,person61@example.com,61,71.0,2024-01-06,Person 61,Product 5,8.95
350,44,16,480.97,2024-02-15,Person 44,person44@example.com,Sfax,2024-01-17,41.0,Sfax,person44@example.com,44,41.0,2024-01-17,Person 44,Product 16,7.17
351,89,7,93.33,2024-02-15,Person 89,person89@example.com,Sousse,2024-01-06,33.0,Sousse,person89@example.com,89,33.0,2024-01-06,Person 89,Product 7,36.34
352,40,11,103.77,2024-02-15,Person 40,person40@example.com,Sfax,2024-01-13,62.0,Sfax,person40@example.com,40,62.0,2024-01-13,Person 40,Product 11,21.21
353,53,4,430.2,2024-02-15,Person 53,person53@example.com,Sfax,2024-01-26,61.0,Sfax,person53@example.com,53,61.0,2024-01-26,Person 53,,44.5
354,46,9,456.73,2024-02-15,Person 46,person46@example.com,Sousse,2024-01-19,64.0,Sousse,person46@example.com,46,64.0,2024-01-19,Person 46,Product 9,14.82
355,22,11,110.01,2024-02-15,Person 22,person22@example.com,Sfax,2024-01-23,30.0,Sfax,person22@example.com,22,30.0,2024-01-23,Person 22,Product 11,21.21
356,83,13,237.55,2024-02-15,Person 83,person83@example.com,Tunis,2024-01-28,46.0,Tunis,person83@example.com,83,46.0,2024-01-28,Person 83,Product 13,60.2
357,29,11,368.08,2024-02-15,Person 29,person29@example.com,Sfax,2024-01-02,64.0,Sfax,person29@example.com,29,64.0,2024-01-02,Person 29,Product 11,21.21
358,36,8,439.79,2024-02-15,Person 36,person36@example.com,Tunis,2024-01-09,55.0,Tunis,,36,55.0,,Person 36,Product 8,18.73
359,96,20,192.63,2024-02-15,Person 96,person96@example.com,Tunis,2024-01-13,33.0,Tunis,person96@example.com,96,33.0,2024-01-13,Person 96,Product 20,12.86
360,114,11,260.92,2024-02-15,Person 114,person114@example.com,Sfax,2024-01-03,,Sfax,person114@example.com,114,,2024-01-03,Person 114,Product 11,21.21
