customer_id,full_name,email,city,signup_date,age,_source_dataset
1,Person 1,person1@example.com,Tunis,2024-01-02,43.0,customers
2,Person 2,person2@example.com,Sousse,2024-01-03,56.0,customers
3,,person3@example.com,Sfax,2024-01-04,55.0,customers
4,Person 4,person4@example.com,Sfax,2024-01-05,44.0,customers
5,Person 5,person5@example.com,Sfax,2024-01-06,66.0,customers
6,,,Sousse,2024-01-07,50.0,customers
7,Person 7,person7@example.com,Tunis,2024-01-08,,customers
8,Person 8,person8@example.com,Sousse,2024-01-09,61.0,customers
9,Person 9,person9@example.com,Tunis,2024-01-10,50.0,customers
10,Person 10,person10@example.com,Tunis,2024-01-11,54.0,customers
11,Person 11,person11@example.com,Sfax,2024-01-12,,customers
12,Person 12,,Sousse,2024-01-13,49.0,customers
13,Person 13,person13@example.com,Sousse,2024-01-14,23.0,customers
14,Person 14,person14@example.com,Sousse,2024-01-15,49.0,customers
15,Person 15,person15@example.com,Sousse,2024-01-16,63.0,customers
16,Person 16,person16@example.com,Sousse,,35.0,customers
17,Person 17,person17@example.com,Sfax,2024-01-18,52.0,customers
18,Person 18,person18@example.com,Tunis,2024-01-19,19.0,customers
19,Person 19,person19@example.com,Sousse,2024-01-20,37.0,customers
20,Person 20,person20@example.com,Sfax,2024-01-21,42.0,customers
21,Person 21,person21@example.com,Sfax,2024-01-22,74.0,customers
22,Person 22,person22@example.com,Sfax,2024-01-23,30.0,customers
23,Person 23,person23@example.com,,2024-01-24,33.0,customers
24,Person 24,person24@example.com,,2024-01-25,41.0,customers
25,Person 25,person25@example.com,Sousse,2024-01-26,74.0,customers
26,Person 26,person26@example.com,Sfax,2024-01-27,66.0,customers
27,Person 27,person27@example.com,Sfax,2024-01-28,19.0,customers
28,Person 28,person28@example.com,Sousse,2024-01-01,31.0,customers
29,Person 29,person29@example.com,Sfax,2024-01-02,64.0,customers
30,Person 30,person30@example.com,Sfax,2024-01-03,,customers
31,Person 31,person31@example.com,Sfax,,66.0,customers
32,Person 32,person32@example.com,Tunis,2024-01-05,34.0,customers
33,Person 33,person33@example.com,Tunis,2024-01-06,70.0,customers
34,Person 34,person34@example.com,Sfax,2024-01-07,34.0,customers
35,Person 35,person35@example.com,Sousse,2024-01-08,42.0,customers
36,Person 36,person36@example.com,Tunis,2024-01-09,55.0,customers
37,Person 37,person37@example.com,Sousse,2024-01-10,25.0,customers
38,Person 38,person38@example.com,Sousse,2024-01-11,49.0,customers
39,Person 39,person39@example.com,Tunis,2024-01-12,46.0,customers
40,Person 40,person40@example.com,Sfax,2024-01-13,62.0,customers
41,,person41@example.com,Tunis,2024-01-14,74.0,customers
42,Person 42,person42@example.com,Sousse,2024-01-15,55.0,customers
43,Person 43,person43@example.com,Sousse,2024-01-16,41.0,customers
44,Person 44,person44@example.com,Sfax,2024-01-17,41.0,customers
45,Person 45,person45@example.com,Tunis,2024-01-18,41.0,customers
46,Person 46,person46@example.com,Sousse,2024-01-19,64.0,customers
47,Person 47,person47@example.com,Sfax,2024-01-20,36.0,customers
48,Person 48,person48@example.com,Sousse,2024-01-21,27.0,customers
49,Person 49,person49@example.com,Sousse,2024-01-22,37.0,customers
50,Person 50,person50@example.com,Sousse,2024-01-23,19.0,customers
51,Person 51,person51@example.com,Sousse,2024-01-24,24.0,customers
52,Person 52,person52@example.com,Tunis,2024-01-25,23.0,customers
53,Person 53,person53@example.com,Sfax,2024-01-26,61.0,customers
54,Person 54,person54@example.com,Sfax,,59.0,customers
55,Person 55,person55@example.com,Sfax,,57.0,customers
56,Person 56,,,2024-01-01,44.0,customers
57,Person 57,person57@example.com,Sfax,2024-01-02,58.0,customers
58,Person 58,person58@example.com,Tunis,2024-01-03,27.0,customers
59,Person 59,person59@example.com,Sousse,2024-01-04,69.0,customers
60,Person 60,person60@example.com,Sousse,2024-01-05,46.0,customers
61,Person 61,person61@example.com,Sousse,2024-01-06,71.0,customers
62,Person 62,person62@example.com,Sousse,2024-01-07,26.0,customers
63,Person 63,person63@example.com,Sfax,2024-01-08,46.0,customers
64,Person 64,person64@example.com,Sousse,2024-01-09,57.0,customers
65,Person 65,person65@example.com,Sfax,2024-01-10,46.0,customers
66,Person 66,person66@example.com,Tunis,2024-01-11,43.0,customers
67,Person 67,person67@example.com,Sousse,2024-01-12,27.0,customers
68,Person 68,person68@example.com,Sfax,2024-01-13,39.0,customers
69,Person 69,person69@example.com,Tunis,2024-01-14,31.0,customers
70,Person 70,person70@example.com,Sfax,2024-01-15,35.0,customers
71,Person 71,,Sousse,2024-01-16,56.0,customers
72,Person 72,person72@example.com,Tunis,2024-01-17,53.0,customers
73,Person 73,person73@example.com,Sfax,2024-01-18,52.0,customers
74,Person 74,person74@example.com,Tunis,2024-01-19,38.0,customers
75,Person 75,person75@example.com,Sousse,2024-01-20,72.0,customers
76,Person 76,person76@example.com,Sfax,2024-01-21,22.0,customers
77,Person 77,person77@example.com,Tunis,2024-01-22,37.0,customers
78,Person 78,person78@example.com,Tunis,2024-01-23,24.0,customers
79,Person 79,person79@example.com,Sfax,2024-01-24,,customers
80,Person 80,person80@example.com,Sousse,2024-01-25,72.0,customers
81,Person 81,person81@example.com,Sousse,2024-01-26,38.0,customers
82,Person 82,person82@example.com,Sfax,2024-01-27,69.0,customers
83,Person 83,person83@example.com,Tunis,2024-01-28,46.0,customers
84,Person 84,person84@example.com,Sousse,2024-01-01,57.0,customers
85,Person 85,person85@example.com,Sfax,2024-01-02,44.0,customers
86,Person 86,person86@example.com,Sousse,2024-01-03,33.0,customers
87,Person 87,person87@example.com,Tunis,2024-01-04,61.0,customers
88,Person 88,person88@example.com,Tunis,2024-01-05,73.0,customers
89,Person 89,person89@example.com,Sousse,2024-01-06,33.0,customers
90,Person 90,,Sousse,2024-01-07,62.0,customers
91,Person 91,person91@example.com,Sfax,2024-01-08,32.0,customers
92,Person 92,person92@example.com,Sousse,2024-01-09,58.0,customers
93,Person 93,person93@example.com,Sousse,2024-01-10,62.0,customers
94,Person 94,person94@example.com,Sfax,2024-01-11,43.0,customers
95,Person 95,person95@example.com,Sousse,2024-01-12,60.0,customers
96,Person 96,person96@example.com,Tunis,2024-01-13,33.0,customers
97,Person 97,person97@example.com,Tunis,2024-01-14,22.0,customers
98,Person 98,person98@example.com,Sousse,2024-01-15,23.0,customers
99,Person 99,person99@example.com,Sfax,2024-01-16,43.0,customers
100,Person 100,person100@example.com,Tunis,2024-01-17,69.0,customers
101,Person 101,person101@example.com,Sousse,2024-01-18,25.0,customers
102,Person 102,person102@example.com,Tunis,2024-01-19,43.0,customers
103,Person 103,person103@example.com,Sousse,2024-01-20,58.0,customers
104,Person 104,person104@example.com,Tunis,2024-01-21,29.0,customers
105,Person 105,person105@example.com,Sousse,2024-01-22,59.0,customers
106,Person 106,person106@example.com,Sousse,2024-01-23,35.0,customers
107,Person 107,person107@example.com,Sousse,2024-01-24,64.0,customers
108,Person 108,person108@example.com,Sfax,2024-01-25,51.0,customers
109,Person 109,person109@example.com,Sfax,2024-01-26,49.0,customers
110,Person 110,person110@example.com,Sousse,2024-01-27,28.0,customers
111,Person 111,person111@example.com,Tunis,2024-01-28,44.0,customers
112,Person 112,person112@example.com,Sousse,2024-01-01,66.0,customers
113,Person 113,person113@example.com,Sfax,2024-01-02,19.0,customers
114,Person 114,person114@example.com,Sfax,2024-01-03,,customers
115,,person115@example.com,Sfax,2024-01-04,46.0,customers
116,Person 116,person116@example.com,Sfax,2024-01-05,59.0,customers
117,Person 117,person117@example.com,,2024-01-06,55.0,customers
118,Person 118,person118@example.com,Tunis,2024-01-07,42.0,customers
119,Person 119,person119@example.com,Tunis,2024-01-08,35.0,customers
120,Person 120,person120@example.com,Tunis,2024-01-09,53.0,customers
1,Person 1,person1@example.com,Tunis,2024-01-02,43.0,clients
2,Person 2,person2@example.com,Sousse,2024-01-03,56.0,clients
3,Person 3,person3@example.com,Sfax,2024-01-04,55.0,clients
4,Person 4,person4@example.com,Sfax,2024-01-05,44.0,clients
5,Person 5,person5@example.com,Sfax,2024-01-06,66.0,clients
6,Person 6,person6@example.com,Sousse,2024-01-07,50.0,clients
7,Person 7,person7@example.com,Tunis,2024-01-08,22.0,clients
8,Person 8,person8@example.com,Sousse,2024-01-09,61.0,clients
9,Person 9,person9@example.com,Tunis,2024-01-10,50.0,clients
10,Person 10,person10@example.com,Tunis,2024-01-11,54.0,clients
11,Person 11,person11@example.com,Sfax,2024-01-12,50.0,clients
12,Person 12,person12@example.com,Sousse,2024-01-13,49.0,clients
13,Person 13,person13@example.com,,2024-01-14,23.0,clients
14,Person 14,person14@example.com,Sousse,2024-01-15,49.0,clients
15,Person 15,person15@example.com,Sousse,2024-01-16,63.0,clients
16,Person 16,person16@example.com,Sousse,2024-01-17,35.0,clients
17,Person 17,person17@example.com,,2024-01-18,52.0,clients
18,Person 18,person18@example.com,Tunis,2024-01-19,19.0,clients
19,Person 19,person19@example.com,Sousse,2024-01-20,37.0,clients
20,Person 20,person20@example.com,Sfax,2024-01-21,42.0,clients
21,Person 21,person21@example.com,Sfax,2024-01-22,74.0,clients
22,Person 22,person22@example.com,Sfax,2024-01-23,30.0,clients
23,Person 23,person23@example.com,Tunis,2024-01-24,33.0,clients
24,Person 24,person24@example.com,Sousse,2024-01-25,41.0,clients
25,Person 25,person25@example.com,Sousse,2024-01-26,74.0,clients
26,Person 26,person26@example.com,Sfax,2024-01-27,66.0,clients
27,Person 27,person27@example.com,Sfax,,19.0,clients
28,Person 28,person28@example.com,,2024-01-01,31.0,clients
29,Person 29,person29@example.com,Sfax,2024-01-02,64.0,clients
30,Person 30,person30@example.com,Sfax,2024-01-03,21.0,clients
31,Person 31,person31@example.com,,2024-01-04,66.0,clients
32,Person 32,person32@example.com,Tunis,2024-01-05,34.0,clients
33,Person 33,person33@example.com,Tunis,2024-01-06,70.0,clients
34,Person 34,person34@example.com,Sfax,2024-01-07,34.0,clients
35,Person 35,person35@example.com,Sousse,2024-01-08,42.0,clients
36,Person 36,,Tunis,,55.0,clients
37,Person 37,person37@example.com,Sousse,2024-01-10,25.0,clients
38,Person 38,person38@example.com,Sousse,2024-01-11,49.0,clients
39,Person 39,person39@example.com,Tunis,2024-01-12,46.0,clients
40,Person 40,person40@example.com,Sfax,2024-01-13,62.0,clients
41,Person 41,person41@example.com,Tunis,2024-01-14,74.0,clients
42,Person 42,person42@example.com,Sousse,2024-01-15,,clients
43,Person 43,person43@example.com,Sousse,2024-01-16,41.0,clients
44,Person 44,person44@example.com,Sfax,2024-01-17,41.0,clients
45,Person 45,person45@example.com,Tunis,2024-01-18,41.0,clients
46,Person 46,person46@example.com,Sousse,2024-01-19,64.0,clients
47,Person 47,person47@example.com,Sfax,2024-01-20,36.0,clients
48,Person 48,person48@example.com,Sousse,2024-01-21,27.0,clients
49,,person49@example.com,Sousse,2024-01-22,37.0,clients
50,Person 50,person50@example.com,Sousse,2024-01-23,19.0,clients
51,Person 51,person51@example.com,Sousse,2024-01-24,24.0,clients
52,Person 52,person52@example.com,Tunis,2024-01-25,23.0,clients
53,Person 53,person53@example.com,Sfax,2024-01-26,61.0,clients
54,Person 54,person54@example.com,Sfax,2024-01-27,59.0,clients
55,Person 55,person55@example.com,Sfax,2024-01-28,57.0,clients
56,Person 56,person56@example.com,Tunis,2024-01-01,44.0,clients
57,Person 57,person57@example.com,Sfax,2024-01-02,58.0,clients
58,Person 58,person58@example.com,Tunis,2024-01-03,27.0,clients
59,Person 59,person59@example.com,Sousse,2024-01-04,69.0,clients
60,Person 60,person60@example.com,Sousse,2024-01-05,46.0,clients
61,Person 61,person61@example.com,Sousse,2024-01-06,71.0,clients
62,Person 62,person62@example.com,Sousse,2024-01-07,26.0,clients
63,Person 63,person63@example.com,Sfax,2024-01-08,46.0,clients
64,Person 64,person64@example.com,Sousse,2024-01-09,57.0,clients
65,Person 65,person65@example.com,Sfax,2024-01-10,46.0,clients
66,Person 66,person66@example.com,Tunis,2024-01-11,43.0,clients
67,Person 67,person67@example.com,Sousse,,27.0,clients
68,Person 68,person68@example.com,Sfax,2024-01-13,39.0,clients
69,Person 69,person69@example.com,Tunis,2024-01-14,31.0,clients
70,Person 70,person70@example.com,Sfax,2024-01-15,35.0,clients
71,Person 71,person71@example.com,Sousse,2024-01-16,,clients
72,Person 72,person72@example.com,Tunis,2024-01-17,53.0,clients
73,Person 73,person73@example.com,Sfax,2024-01-18,52.0,clients
74,,person74@example.com,Tunis,2024-01-19,38.0,clients
75,Person 75,person75@example.com,Sousse,2024-01-20,72.0,clients
76,Person 76,person76@example.com,Sfax,2024-01-21,22.0,clients
77,Person 77,person77@example.com,Tunis,2024-01-22,37.0,clients
78,Person 78,person78@example.com,Tunis,2024-01-23,24.0,clients
79,Person 79,person79@example.com,Sfax,2024-01-24,37.0,clients
80,Person 80,person80@example.com,Sousse,2024-01-25,72.0,clients
81,Person 81,person81@example.com,Sousse,2024-01-26,38.0,clients
82,Person 82,person82@example.com,Sfax,2024-01-27,69.0,clients
83,Person 83,person83@example.com,Tunis,2024-01-28,46.0,clients
84,Person 84,person84@example.com,Sousse,2024-01-01,57.0,clients
85,Person 85,person85@example.com,Sfax,2024-01-02,44.0,clients
86,Person 86,person86@example.com,Sousse,2024-01-03,33.0,clients
87,Person 87,person87@example.com,Tunis,2024-01-04,61.0,clients
88,,person88@example.com,Tunis,2024-01-05,73.0,clients
89,Person 89,person89@example.com,Sousse,2024-01-06,33.0,clients
90,Person 90,person90@example.com,Sousse,2024-01-07,62.0,clients
91,Person 91,person91@example.com,Sfax,2024-01-08,32.0,clients
92,Person 92,,Sousse,2024-01-09,58.0,clients
93,Person 93,person93@example.com,Sousse,2024-01-10,62.0,clients
94,Person 94,person94@example.com,Sfax,2024-01-11,43.0,clients
95,Person 95,person95@example.com,Sousse,2024-01-12,60.0,clients
96,Person 96,person96@example.com,Tunis,2024-01-13,33.0,clients
97,Person 97,person97@example.com,Tunis,2024-01-14,22.0,clients
98,Person 98,person98@example.com,Sousse,2024-01-15,23.0,clients
99,,person99@example.com,Sfax,2024-01-16,43.0,clients
100,Person 100,person100@example.com,Tunis,2024-01-17,69.0,clients
101,Person 101,person101@example.com,Sousse,2024-01-18,25.0,clients
102,Person 102,person102@example.com,Tunis,2024-01-19,43.0,clients
103,Person 103,person103@example.com,Sousse,2024-01-20,58.0,clients
104,Person 104,,Tunis,2024-01-21,29.0,clients
105,Person 105,person105@example.com,Sousse,2024-01-22,59.0,clients
106,Person 106,person106@example.com,Sousse,2024-01-23,35.0,clients
107,Person 107,person107@example.com,Sousse,2024-01-24,64.0,clients
108,Person 108,person108@example.com,Sfax,2024-01-25,51.0,clients
109,Person 109,,Sfax,2024-01-26,49.0,clients
110,Person 110,person110@example.com,Sousse,2024-01-27,28.0,clients
111,Person 111,person111@example.com,Tunis,,44.0,clients
112,Person 112,person112@example.com,Sousse,2024-01-01,66.0,clients
113,Person 113,person113@example.com,Sfax,2024-01-02,19.0,clients
114,Person 114,person114@example.com,Sfax,2024-01-03,,clients
115,Person 115,person115@example.com,Sfax,2024-01-04,,clients
116,Person 116,person116@example.com,Sfax,2024-01-05,59.0,clients
117,Person 117,person117@example.com,Tunis,2024-01-06,55.0,clients
118,Person 118,person118@example.com,Tunis,2024-01-07,42.0,clients
119,Person 119,person119@example.com,Tunis,2024-01-08,35.0,clients
120,Person 120,person120@example.com,Tunis,2024-01-09,53.0,clients
