dataset,column,pandas_type,semantic_type,confidence,evidence,canonical_name
customers,customer_id,string,IDENTIFIER,0.92,Canonical name: customer_id; identifier name | Pandas dtype: string; populated values: 105; distinct: 100,customer_id
customers,first_name,string,PERSON_NAME,0.92,Canonical name: first_name; person name | Pandas dtype: string; populated values: 100; distinct: 11,first_name
customers,last_name,string,PERSON_NAME,0.92,Canonical name: last_name; person name | Pandas dtype: string; populated values: 100; distinct: 9,last_name
customers,email,string,EMAIL,0.941,Canonical name: email; email name | Pandas dtype: string; populated values: 99; distinct: 95 | 98.0% of populated sample values match the relevant pattern (up to 500 values),email
customers,phone,string,PHONE_NUMBER,0.941,Canonical name: phone; phone alias/name | Pandas dtype: string; populated values: 100; distinct: 95 | 98.0% of populated sample values match the relevant pattern (up to 500 values),phone
customers,city,string,LOCATION,0.92,Canonical name: city; location alias | Pandas dtype: string; populated values: 100; distinct: 16,city
customers,age,string,AGE,0.948,Canonical name: age; age alias | Pandas dtype: string; populated values: 100; distinct: 52 | 100.0% of populated sample values match the relevant pattern (up to 500 values) | Business validation range: 0–120; integers expected,age
customers,registration_date,string,DATE,0.945,Canonical name: signup_date; date name | Pandas dtype: string; populated values: 100; distinct: 38 | 99.0% of populated sample values match the relevant pattern (up to 500 values),signup_date
clients_2026,location,string,LOCATION,0.92,Canonical name: city; location alias | Pandas dtype: string; populated values: 99; distinct: 16,city
clients_2026,email_address,string,EMAIL,0.941,Canonical name: email; email name | Pandas dtype: string; populated values: 100; distinct: 95 | 98.0% of populated sample values match the relevant pattern (up to 500 values),email
clients_2026,client_identifier,string,IDENTIFIER,0.92,Canonical name: customer_id; identifier name | Pandas dtype: string; populated values: 105; distinct: 100,customer_id
clients_2026,customer_age,string,AGE,0.948,Canonical name: age; age alias | Pandas dtype: string; populated values: 99; distinct: 55 | 100.0% of populated sample values match the relevant pattern (up to 500 values) | Business validation range: 0–120; integers expected,age
clients_2026,telephone,string,PHONE_NUMBER,0.941,Canonical name: phone; phone alias/name | Pandas dtype: string; populated values: 100; distinct: 95 | 98.0% of populated sample values match the relevant pattern (up to 500 values),phone
clients_2026,signup_date,string,DATE,0.945,Canonical name: signup_date; date name | Pandas dtype: string; populated values: 100; distinct: 36 | 99.0% of populated sample values match the relevant pattern (up to 500 values),signup_date
clients_2026,full_name,string,PERSON_NAME,0.92,Canonical name: full_name; person name | Pandas dtype: string; populated values: 100; distinct: 37,full_name
transactions,transaction_id,string,IDENTIFIER,0.92,Canonical name: transaction_id; identifier name | Pandas dtype: string; populated values: 105; distinct: 100,transaction_id
transactions,client_id,string,IDENTIFIER,0.92,Canonical name: customer_id; identifier name | Pandas dtype: string; populated values: 105; distinct: 69,customer_id
transactions,transaction_date,string,DATE,0.944,Canonical name: transaction_date; date name | Pandas dtype: string; populated values: 99; distinct: 3 | 99.0% of populated sample values match the relevant pattern (up to 500 values),transaction_date
transactions,amount,string,CURRENCY,0.944,Canonical name: amount; monetary business name | Pandas dtype: string; populated values: 98; distinct: 95 | 99.0% of populated sample values match the relevant pattern (up to 500 values),amount
transactions,payment_method,string,CATEGORY,0.92,Canonical name: payment_method; categorical business name | Pandas dtype: string; populated values: 100; distinct: 11,payment_method
transactions,product_id,string,IDENTIFIER,0.92,Canonical name: product_id; identifier name | Pandas dtype: string; populated values: 105; distinct: 71,product_id
employees,employee_id,string,IDENTIFIER,0.92,Canonical name: employee_id; identifier name | Pandas dtype: string; populated values: 105; distinct: 100,employee_id
employees,employee_name,string,PERSON_NAME,0.92,Canonical name: employee_name; person name | Pandas dtype: string; populated values: 100; distinct: 95,employee_name
employees,department,string,CATEGORY,0.92,Canonical name: department; categorical business name | Pandas dtype: string; populated values: 98; distinct: 11,department
employees,salary,string,CURRENCY,0.948,Canonical name: salary; monetary business name | Pandas dtype: string; populated values: 99; distinct: 95 | 100.0% of populated sample values match the relevant pattern (up to 500 values),salary
employees,hire_date,string,DATE,0.945,Canonical name: hire_date; date name | Pandas dtype: string; populated values: 100; distinct: 3 | 99.0% of populated sample values match the relevant pattern (up to 500 values),hire_date
employees,email,string,EMAIL,0.941,Canonical name: email; email name | Pandas dtype: string; populated values: 100; distinct: 95 | 98.0% of populated sample values match the relevant pattern (up to 500 values),email
products,product_id,string,IDENTIFIER,0.92,Canonical name: product_id; identifier name | Pandas dtype: string; populated values: 105; distinct: 100,product_id
products,product_name,string,TEXT,0.55,Canonical name: product_name; No strong name or value rule matched | Pandas dtype: string; populated values: 100; distinct: 95,product_name
products,category,string,CATEGORY,0.92,Canonical name: category; categorical business name | Pandas dtype: string; populated values: 100; distinct: 10,category
products,price,string,CURRENCY,0.948,Canonical name: price; monetary business name | Pandas dtype: string; populated values: 100; distinct: 95 | 100.0% of populated sample values match the relevant pattern (up to 500 values),price
