employee_id,employee_name,department,salary,hire_date,email
E0000,Employee 0,engineering,6437.0,2023-03-01,worker0@example.org
E0001,Employee 1,finance,4108.0,2023-03-01,
E0002,Employee 2,,6048.0,2023-03-01,worker2@example.org
E0003,Employee 3,engineering,7321.0,2023-03-01,worker3@example.org
E0004,Employee 4,,,2023-03-01,worker4@example.org
E0005,Employee 5,engineering,5865.0,2023-03-01,worker5@example.org
E0006,Employee 6,finance,3155.0,,worker6@example.org
E0007,Employee 7,engineering,3044.0,2023-03-01,worker7@example.org
E0008,Employee 8,sales,4197.0,2023-03-01,worker8@example.org
E0009,Employee 9,engineering,7043.0,2023-03-01,worker9@example.org
E0010,Employee 10,finance,4907.0,2023-03-01,worker10@example.org
E0011,Employee 11,engineering,,2023-03-01,worker11@example.org
E0012,Employee 12,finance,6567.0,2023-03-01,worker12@example.org
E0013,,engineering,7046.0,2023-03-01,worker13@example.org
E0014,Employee 14,sales,7366.0,2023-03-01,worker14@example.org
E0015,Employee 15,sales,3443.0,2023-03-01,worker15@example.org
E0016,Employee 16,finance,6112.0,2023-03-01,worker16@example.org
E0017,Employee 17,engineering,5337.0,2023-03-01,worker17@example.org
E0018,Employee 18,engineering,4418.0,2023-03-01,worker18@example.org
E0019,Employee 19,finance,4080.0,2023-03-01,worker19@example.org
E0020,Employee 20,finance,2244.0,2023-03-01,worker20@example.org
E0021,Employee 21,finance,3286.0,2023-03-01,worker21@example.org
E0022,Employee 22,engineering,5072.0,2023-03-01,worker22@example.org
E0023,Employee 23,finance,7262.0,2023-03-01,worker23@example.org
E0024,Employee 24,finance,7131.0,2023-03-01,worker24@example.org
E0025,Employee 25,engineering,2719.0,2023-03-01,worker25@example.org
E0026,Employee 26,sales,5915.0,2023-03-01,worker26@example.org
E0027,Employee 27,engineering,2051.0,2023-03-01,worker27@example.org
E0028,Employee 28,sales,5887.0,,worker28@example.org
E0029,Employee 29,sales,3722.0,2023-03-01,worker29@example.org
E0030,Employee 30,engineering,4424.0,2023-03-01,worker30@example.org
E0031,Employee 31,engineering,6164.0,,worker31@example.org
E0032,Employee 32,engineering,4261.0,2023-03-01,worker32@example.org
E0033,Employee 33,engineering,6748.0,2023-03-01,worker33@example.org
E0034,Employee 34,finance,4968.0,2023-03-01,worker34@example.org
E0035,Employee 35,finance,7991.0,2023-03-01,worker35@example.org
E0036,Employee 36,sales,5648.0,2023-03-01,
E0037,Employee 37,sales,3426.0,2023-03-01,worker37@example.org
E0038,Employee 38,sales,6539.0,2023-03-01,worker38@example.org
E0039,Employee 39,sales,4151.0,2023-03-01,worker39@example.org
E0040,Employee 40,finance,,2023-03-01,worker40@example.org
E0041,Employee 41,engineering,2389.0,2023-03-01,worker41@example.org
E0042,Employee 42,engineering,2275.0,2023-03-01,worker42@example.org
E0043,Employee 43,finance,5236.0,2023-03-01,worker43@example.org
E0044,Employee 44,engineering,2713.0,2023-03-01,worker44@example.org
E0045,Employee 45,,,2023-03-01,worker45@example.org
E0046,Employee 46,engineering,7061.0,2023-03-01,worker46@example.org
E0047,Employee 47,finance,6055.0,2023-03-01,worker47@example.org
E0048,Employee 48,sales,6275.0,,worker48@example.org
E0049,Employee 49,engineering,5368.0,2023-03-01,worker49@example.org
E0050,Employee 50,sales,1891.0,2023-03-01,worker50@example.org
E0051,Employee 51,finance,4050.0,2023-03-01,worker51@example.org
E0052,Employee 52,,4722.0,,worker52@example.org
E0053,Employee 53,engineering,7449.0,2023-03-01,worker53@example.org
E0054,Employee 54,finance,2926.0,2023-03-01,worker54@example.org
E0055,Employee 55,sales,4729.0,2023-03-01,worker55@example.org
E0056,Employee 56,sales,3736.0,2023-03-01,worker56@example.org
E0057,Employee 57,finance,2373.0,2023-03-01,worker57@example.org
E0058,Employee 58,finance,2169.0,2023-03-01,worker58@example.org
E0059,Employee 59,engineering,3874.0,2023-03-01,worker59@example.org
E0060,Employee 60,sales,2035.0,2023-03-01,worker60@example.org
E0061,Employee 61,engineering,,2023-03-01,worker61@example.org
E0062,Employee 62,finance,3780.0,2023-03-01,worker62@example.org
E0063,Employee 63,engineering,2812.0,2023-03-01,worker63@example.org
E0064,Employee 64,sales,5106.0,2023-03-01,worker64@example.org
E0065,,sales,1614.0,2023-03-01,worker65@example.org
E0066,Employee 66,sales,3461.0,2023-03-01,worker66@example.org
E0067,Employee 67,finance,4446.0,2023-03-01,worker67@example.org
E0068,Employee 68,,7760.0,2023-03-01,worker68@example.org
E0069,Employee 69,sales,5624.0,2023-03-01,worker69@example.org
E0070,Employee 70,finance,7224.0,2023-03-01,worker70@example.org
E0071,Employee 71,sales,3731.0,2023-03-01,worker71@example.org
E0072,Employee 72,engineering,4423.0,2023-03-01,worker72@example.org
E0073,Employee 73,engineering,4232.0,2023-03-01,
E0074,Employee 74,engineering,7268.0,2023-03-01,worker74@example.org
E0075,Employee 75,engineering,7734.0,2023-03-01,worker75@example.org
E0076,Employee 76,finance,7755.0,2023-03-01,worker76@example.org
E0077,Employee 77,engineering,6387.0,2023-03-01,worker77@example.org
E0078,Employee 78,sales,4770.0,2023-03-01,
E0079,Employee 79,engineering,5015.0,2023-03-01,worker79@example.org
E0080,Employee 80,engineering,7873.0,2023-03-01,worker80@example.org
E0081,Employee 81,engineering,3349.0,2023-03-01,worker81@example.org
E0082,,finance,3753.0,2023-03-01,worker82@example.org
E0083,Employee 83,engineering,7330.0,2023-03-01,worker83@example.org
E0084,Employee 84,finance,4011.0,2023-03-01,worker84@example.org
E0085,Employee 85,sales,3028.0,2023-03-01,worker85@example.org
E0086,Employee 86,engineering,5143.0,2023-03-01,worker86@example.org
E0087,Employee 87,sales,3614.0,2023-03-01,worker87@example.org
E0088,Employee 88,sales,7290.0,2023-03-01,worker88@example.org
E0089,Employee 89,finance,7408.0,2023-03-01,
E0090,Employee 90,sales,3489.0,2023-03-01,worker90@example.org
E0091,Employee 91,engineering,4942.0,2023-03-01,worker91@example.org
E0092,Employee 92,finance,7895.0,2023-03-01,
E0093,Employee 93,sales,6325.0,2023-03-01,worker93@example.org
E0094,Employee 94,engineering,2901.0,2023-03-01,worker94@example.org
E0095,,finance,5339.0,2023-03-01,worker95@example.org
E0096,Employee 96,sales,5529.0,2023-03-01,worker96@example.org
E0097,,engineering,5747.0,2023-03-01,worker97@example.org
E0098,Employee 98,finance,1662.0,,worker98@example.org
E0099,Employee 99,sales,3445.0,2023-03-01,worker99@example.org
