transaction_id,client_id,transaction_date,amount,payment_method,product_id
T000000,C00053,2025-02-15,,transfer,P0048
T000001,C00062,2025-02-15,551.47,transfer,P0047
T000002,C00017,,469.87,cash,P0092
T000003,C00018,2025-02-15,,transfer,P0016
T000004,C00013,2025-02-15,598.24,card,P0031
T000005,C00057,2025-02-15,528.12,transfer,P0019
T000006,C00001,,173.93,transfer,P0025
T000007,C00058,2025-02-15,,cash,P0091
T000008,C00048,2025-02-15,999999.0,transfer,P0095
T000009,C00047,2025-02-15,599.47,cash,P0005
T000010,C00068,2025-02-15,401.08,card,P0064
T000011,C00053,2025-02-15,391.82,transfer,P0024
T000012,C00073,2025-02-15,58.81,card,P0020
T000013,C00077,2025-02-15,538.73,,P0030
T000014,C00093,2025-02-15,22.25,cash,P0020
T000015,C00080,2025-02-15,148.29,transfer,P0050
T000016,C00052,2025-02-15,90.1,cash,P0100
T000017,C00050,2025-02-15,467.18,cash,P0059
T000018,C00024,2025-02-15,122.93,card,P0073
T000019,C00060,2025-02-15,546.83,card,P0050
T000020,C00014,2025-02-15,395.48,card,P0002
T000021,C00094,2025-02-15,26.52,card,P0009
T000022,C00085,2025-02-15,8.23,transfer,P0027
T000023,C00012,2025-02-15,35.74,transfer,P0025
T000024,C00079,2025-02-15,365.53,,P0085
T000025,C00012,2025-02-15,481.88,card,P0085
T000026,C00073,2025-02-15,146.94,card,P0086
T000027,C00009,2025-02-15,510.4,card,P0064
T000028,C00049,2025-02-15,39.05,cash,P0056
T000029,C00066,2025-02-15,481.57,cash,P0065
T000030,C00073,2025-02-15,557.04,cash,P0041
T000031,C00042,2025-02-15,464.4,card,P0068
T000032,C00093,2025-02-15,420.38,transfer,P0080
T000033,C00078,2025-02-15,,card,P0077
T000034,C00021,2025-02-15,28.89,card,P0062
T000035,C00068,2025-02-15,,transfer,P0006
T000036,C00074,2025-02-15,79.33,transfer,P0073
T000037,C00034,2025-02-15,305.2,card,P0037
T000038,C00074,2025-02-15,448.39,cash,P0075
T000039,C00090,2025-02-15,379.86,transfer,P0054
T000040,C00082,2025-02-15,511.42,transfer,P0089
T000041,C00077,2025-02-15,97.35,transfer,P0034
T000042,C00064,2025-02-15,442.1,cash,P0094
T000043,C00028,2025-02-15,119.86,cash,P0085
T000044,C00080,2025-02-15,166.1,transfer,P0034
T000045,C00037,2025-02-15,,card,P0049
T000046,C00054,2025-02-15,588.22,card,P0054
T000047,C00032,2025-02-15,368.87,cash,P0077
T000048,C00032,2025-02-15,37.43,transfer,P0069
T000049,C00016,2025-02-15,371.7,card,P0086
T000050,C00097,2025-02-15,30.2,cash,P0037
T000051,C00015,2025-02-15,531.07,cash,P0051
T000052,C00009,2025-02-15,427.2,cash,P0044
T000053,C00094,2025-02-15,108.01,transfer,P0091
T000054,C00056,2025-02-15,59.57,card,P0031
T000055,C00044,2025-02-15,114.2,transfer,P0059
T000056,C00074,2025-02-15,588.12,cash,P0013
T000057,C00039,2025-02-15,277.84,,P0086
T000058,C00013,2025-02-15,471.53,cash,P0039
T000059,C00073,2025-02-15,383.66,card,P0035
T000060,C00018,2025-02-15,345.59,transfer,P0059
T000061,C00056,2025-02-15,91.35,transfer,P0050
T000062,C00095,2025-02-15,567.88,card,P0085
T000063,C00094,2025-02-15,184.3,transfer,P0054
T000064,C00037,2025-02-15,348.92,transfer,P0052
T000065,C00079,2025-02-15,421.37,cash,P0011
T000066,C00062,2025-02-15,391.29,transfer,P0003
T000067,C00048,2025-02-15,564.65,cash,P0040
T000068,C00014,2025-02-15,93.32,cash,P0100
T000069,C00038,2025-02-15,307.47,card,P0092
T000070,C00066,2025-02-15,245.4,transfer,P0063
T000071,C00099,2025-02-15,287.13,card,P0064
T000072,C00001,2025-02-15,75.93,transfer,P0040
T000073,C00072,,84.79,cash,P0018
T000074,C00085,2025-02-15,170.45,cash,P0001
T000075,C00096,2025-02-15,186.3,card,P0034
T000076,C00043,2025-02-15,259.6,transfer,P0032
T000077,C00012,2025-02-15,368.54,card,P0020
T000078,C00028,2025-02-15,382.6,,P0026
T000079,C00086,2025-02-15,250.03,transfer,P0003
T000080,C00088,2025-02-15,248.23,transfer,P0061
T000081,C00064,2025-02-15,134.49,transfer,P0093
T000082,C00013,2025-02-15,355.04,transfer,P0070
T000083,C00013,2025-02-15,193.64,cash,P0045
T000084,C00048,2025-02-15,26.46,card,P0043
T000085,C00059,2025-02-15,253.95,transfer,P0031
T000086,C00004,2025-02-15,287.11,transfer,P0015
T000087,C00069,2025-02-15,139.23,transfer,P0060
T000088,C00055,2025-02-15,345.61,cash,P0057
T000089,C00002,,341.63,card,P0001
T000090,C00010,2025-02-15,422.69,,P0042
T000091,C00046,2025-02-15,390.53,cash,P0028
T000092,C00073,2025-02-15,393.2,transfer,P0018
T000093,C00083,2025-02-15,193.15,cash,P0071
T000094,C00044,,473.52,card,P0053
T000095,C00030,2025-02-15,331.74,card,P0064
T000096,C00097,2025-02-15,261.69,transfer,P0072
T000097,C00046,2025-02-15,377.48,transfer,P0099
T000098,C00032,2025-02-15,219.59,card,P0081
T000099,C00045,,310.08,cash,P0063
