town,email_address,client_id,years_old,registered_on,customer_name
Tunis,person1@example.com,1,43.0,2024-01-02,Person 1
Sousse,person2@example.com,2,56.0,2024-01-03,Person 2
Sfax,person3@example.com,3,55.0,2024-01-04,Person 3
Sfax,person4@example.com,4,44.0,2024-01-05,Person 4
Sfax,person5@example.com,5,66.0,2024-01-06,Person 5
Sousse,person6@example.com,6,50.0,2024-01-07,Person 6
Tunis,person7@example.com,7,22.0,2024-01-08,Person 7
Sousse,person8@example.com,8,61.0,2024-01-09,Person 8
Tunis,person9@example.com,9,50.0,2024-01-10,Person 9
Tunis,person10@example.com,10,54.0,2024-01-11,Person 10
Sfax,person11@example.com,11,50.0,2024-01-12,Person 11
Sousse,person12@example.com,12,49.0,2024-01-13,Person 12
,person13@example.com,13,23.0,2024-01-14,Person 13
Sousse,person14@example.com,14,49.0,2024-01-15,Person 14
Sousse,person15@example.com,15,63.0,2024-01-16,Person 15
Sousse,person16@example.com,16,35.0,2024-01-17,Person 16
,person17@example.com,17,52.0,2024-01-18,Person 17
Tunis,person18@example.com,18,19.0,2024-01-19,Person 18
Sousse,person19@example.com,19,37.0,2024-01-20,Person 19
Sfax,person20@example.com,20,42.0,2024-01-21,Person 20
Sfax,person21@example.com,21,74.0,2024-01-22,Person 21
Sfax,person22@example.com,22,30.0,2024-01-23,Person 22
Tunis,person23@example.com,23,33.0,2024-01-24,Person 23
Sousse,person24@example.com,24,41.0,2024-01-25,Person 24
Sousse,person25@example.com,25,74.0,2024-01-26,Person 25
Sfax,person26@example.com,26,66.0,2024-01-27,Person 26
Sfax,person27@example.com,27,19.0,,Person 27
,person28@example.com,28,31.0,2024-01-01,Person 28
Sfax,person29@example.com,29,64.0,2024-01-02,Person 29
Sfax,person30@example.com,30,21.0,2024-01-03,Person 30
,person31@example.com,31,66.0,2024-01-04,Person 31
Tunis,person32@example.com,32,34.0,2024-01-05,Person 32
Tunis,person33@example.com,33,70.0,2024-01-06,Person 33
Sfax,person34@example.com,34,34.0,2024-01-07,Person 34
Sousse,person35@example.com,35,42.0,2024-01-08,Person 35
Tunis,,36,55.0,,Person 36
Sousse,person37@example.com,37,25.0,2024-01-10,Person 37
Sousse,person38@example.com,38,49.0,2024-01-11,Person 38
Tunis,person39@example.com,39,46.0,2024-01-12,Person 39
Sfax,person40@example.com,40,62.0,2024-01-13,Person 40
Tunis,person41@example.com,41,74.0,2024-01-14,Person 41
Sousse,person42@example.com,42,,2024-01-15,Person 42
Sousse,person43@example.com,43,41.0,2024-01-16,Person 43
Sfax,person44@example.com,44,41.0,2024-01-17,Person 44
Tunis,person45@example.com,45,41.0,2024-01-18,Person 45
Sousse,person46@example.com,46,64.0,2024-01-19,Person 46
Sfax,person47@example.com,47,36.0,2024-01-20,Person 47
Sousse,person48@example.com,48,27.0,2024-01-21,Person 48
Sousse,person49@example.com,49,37.0,2024-01-22,
Sousse,person50@example.com,50,19.0,2024-01-23,Person 50
Sousse,person51@example.com,51,24.0,2024-01-24,Person 51
Tunis,person52@example.com,52,23.0,2024-01-25,Person 52
Sfax,person53@example.com,53,61.0,2024-01-26,Person 53
Sfax,person54@example.com,54,59.0,2024-01-27,Person 54
Sfax,person55@example.com,55,57.0,2024-01-28,Person 55
Tunis,person56@example.com,56,44.0,2024-01-01,Person 56
Sfax,person57@example.com,57,58.0,2024-01-02,Person 57
Tunis,person58@example.com,58,27.0,2024-01-03,Person 58
Sousse,person59@example.com,59,69.0,2024-01-04,Person 59
Sousse,person60@example.com,60,46.0,2024-01-05,Person 60
Sousse,person61@example.com,61,71.0,2024-01-06,Person 61
Sousse,person62@example.com,62,26.0,2024-01-07,Person 62
Sfax,person63@example.com,63,46.0,2024-01-08,Person 63
Sousse,person64@example.com,64,57.0,2024-01-09,Person 64
Sfax,person65@example.com,65,46.0,2024-01-10,Person 65
Tunis,person66@example.com,66,43.0,2024-01-11,Person 66
Sousse,person67@example.com,67,27.0,,Person 67
Sfax,person68@example.com,68,39.0,2024-01-13,Person 68
Tunis,person69@example.com,69,31.0,2024-01-14,Person 69
Sfax,person70@example.com,70,35.0,2024-01-15,Person 70
Sousse,person71@example.com,71,,2024-01-16,Person 71
Tunis,person72@example.com,72,53.0,2024-01-17,Person 72
Sfax,person73@example.com,73,52.0,2024-01-18,Person 73
Tunis,person74@example.com,74,38.0,2024-01-19,
Sousse,person75@example.com,75,72.0,2024-01-20,Person 75
Sfax,person76@example.com,76,22.0,2024-01-21,Person 76
Tunis,person77@example.com,77,37.0,2024-01-22,Person 77
Tunis,person78@example.com,78,24.0,2024-01-23,Person 78
Sfax,person79@example.com,79,37.0,2024-01-24,Person 79
Sousse,person80@example.com,80,72.0,2024-01-25,Person 80
Sousse,person81@example.com,81,38.0,2024-01-26,Person 81
Sfax,person82@example.com,82,69.0,2024-01-27,Person 82
Tunis,person83@example.com,83,46.0,2024-01-28,Person 83
Sousse,person84@example.com,84,57.0,2024-01-01,Person 84
Sfax,person85@example.com,85,44.0,2024-01-02,Person 85
Sousse,person86@example.com,86,33.0,2024-01-03,Person 86
Tunis,person87@example.com,87,61.0,2024-01-04,Person 87
Tunis,person88@example.com,88,73.0,2024-01-05,
Sousse,person89@example.com,89,33.0,2024-01-06,Person 89
Sousse,person90@example.com,90,62.0,2024-01-07,Person 90
Sfax,person91@example.com,91,32.0,2024-01-08,Person 91
Sousse,,92,58.0,2024-01-09,Person 92
Sousse,person93@example.com,93,62.0,2024-01-10,Person 93
Sfax,person94@example.com,94,43.0,2024-01-11,Person 94
Sousse,person95@example.com,95,60.0,2024-01-12,Person 95
Tunis,person96@example.com,96,33.0,2024-01-13,Person 96
Tunis,person97@example.com,97,22.0,2024-01-14,Person 97
Sousse,person98@example.com,98,23.0,2024-01-15,Person 98
Sfax,person99@example.com,99,43.0,2024-01-16,
Tunis,person100@example.com,100,69.0,2024-01-17,Person 100
Sousse,person101@example.com,101,25.0,2024-01-18,Person 101
Tunis,person102@example.com,102,43.0,2024-01-19,Person 102
Sousse,person103@example.com,103,58.0,2024-01-20,Person 103
Tunis,,104,29.0,2024-01-21,Person 104
Sousse,person105@example.com,105,59.0,2024-01-22,Person 105
Sousse,person106@example.com,106,35.0,2024-01-23,Person 106
Sousse,person107@example.com,107,64.0,2024-01-24,Person 107
Sfax,person108@example.com,108,51.0,2024-01-25,Person 108
Sfax,,109,49.0,2024-01-26,Person 109
Sousse,person110@example.com,110,28.0,2024-01-27,Person 110
Tunis,person111@example.com,111,44.0,,Person 111
Sousse,person112@example.com,112,66.0,2024-01-01,Person 112
Sfax,person113@example.com,113,19.0,2024-01-02,Person 113
Sfax,person114@example.com,114,,2024-01-03,Person 114
Sfax,person115@example.com,115,,2024-01-04,Person 115
Sfax,person116@example.com,116,59.0,2024-01-05,Person 116
Tunis,person117@example.com,117,55.0,2024-01-06,Person 117
Tunis,person118@example.com,118,42.0,2024-01-07,Person 118
Tunis,person119@example.com,119,35.0,2024-01-08,Person 119
Tunis,person120@example.com,120,53.0,2024-01-09,Person 120
