customer_id,full_name,email,city,signup_date,age
1,Person 1,person1@example.com,Tunis,2024-01-02,43.0
2,Person 2,person2@example.com,Sousse,2024-01-03,56.0
3,,person3@example.com,Sfax,2024-01-04,55.0
4,Person 4,person4@example.com,Sfax,2024-01-05,44.0
5,Person 5,person5@example.com,Sfax,2024-01-06,66.0
6,,,Sousse,2024-01-07,50.0
7,Person 7,person7@example.com,Tunis,2024-01-08,
8,Person 8,person8@example.com,Sousse,2024-01-09,61.0
9,Person 9,person9@example.com,Tunis,2024-01-10,50.0
10,Person 10,person10@example.com,Tunis,2024-01-11,54.0
11,Person 11,person11@example.com,Sfax,2024-01-12,
12,Person 12,,Sousse,2024-01-13,49.0
13,Person 13,person13@example.com,Sousse,2024-01-14,23.0
14,Person 14,person14@example.com,Sousse,2024-01-15,49.0
15,Person 15,person15@example.com,Sousse,2024-01-16,63.0
16,Person 16,person16@example.com,Sousse,,35.0
17,Person 17,person17@example.com,Sfax,2024-01-18,52.0
18,Person 18,person18@example.com,Tunis,2024-01-19,19.0
19,Person 19,person19@example.com,Sousse,2024-01-20,37.0
20,Person 20,person20@example.com,Sfax,2024-01-21,42.0
21,Person 21,person21@example.com,Sfax,2024-01-22,74.0
22,Person 22,person22@example.com,Sfax,2024-01-23,30.0
23,Person 23,person23@example.com,,2024-01-24,33.0
24,Person 24,person24@example.com,,2024-01-25,41.0
25,Person 25,person25@example.com,Sousse,2024-01-26,74.0
26,Person 26,person26@example.com,Sfax,2024-01-27,66.0
27,Person 27,person27@example.com,Sfax,2024-01-28,19.0
28,Person 28,person28@example.com,Sousse,2024-01-01,31.0
29,Person 29,person29@example.com,Sfax,2024-01-02,64.0
30,Person 30,person30@example.com,Sfax,2024-01-03,
31,Person 31,person31@example.com,Sfax,,66.0
32,Person 32,person32@example.com,Tunis,2024-01-05,34.0
33,Person 33,person33@example.com,Tunis,2024-01-06,70.0
34,Person 34,person34@example.com,Sfax,2024-01-07,34.0
35,Person 35,person35@example.com,Sousse,2024-01-08,42.0
36,Person 36,person36@example.com,Tunis,2024-01-09,55.0
37,Person 37,person37@example.com,Sousse,2024-01-10,25.0
38,Person 38,person38@example.com,Sousse,2024-01-11,49.0
39,Person 39,person39@example.com,Tunis,2024-01-12,46.0
40,Person 40,person40@example.com,Sfax,2024-01-13,62.0
41,,person41@example.com,Tunis,2024-01-14,74.0
42,Person 42,person42@example.com,Sousse,2024-01-15,55.0
43,Person 43,person43@example.com,Sousse,2024-01-16,41.0
44,Person 44,person44@example.com,Sfax,2024-01-17,41.0
45,Person 45,person45@example.com,Tunis,2024-01-18,41.0
46,Person 46,person46@example.com,Sousse,2024-01-19,64.0
47,Person 47,person47@example.com,Sfax,2024-01-20,36.0
48,Person 48,person48@example.com,Sousse,2024-01-21,27.0
49,Person 49,person49@example.com,Sousse,2024-01-22,37.0
50,Person 50,person50@example.com,Sousse,2024-01-23,19.0
51,Person 51,person51@example.com,Sousse,2024-01-24,24.0
52,Person 52,person52@example.com,Tunis,2024-01-25,23.0
53,Person 53,person53@example.com,Sfax,2024-01-26,61.0
54,Person 54,person54@example.com,Sfax,,59.0
55,Person 55,person55@example.com,Sfax,,57.0
56,Person 56,,,2024-01-01,44.0
57,Person 57,person57@example.com,Sfax,2024-01-02,58.0
58,Person 58,person58@example.com,Tunis,2024-01-03,27.0
59,Person 59,person59@example.com,Sousse,2024-01-04,69.0
60,Person 60,person60@example.com,Sousse,2024-01-05,46.0
61,Person 61,person61@example.com,Sousse,2024-01-06,71.0
62,Person 62,person62@example.com,Sousse,2024-01-07,26.0
63,Person 63,person63@example.com,Sfax,2024-01-08,46.0
64,Person 64,person64@example.com,Sousse,2024-01-09,57.0
65,Person 65,person65@example.com,Sfax,2024-01-10,46.0
66,Person 66,person66@example.com,Tunis,2024-01-11,43.0
67,Person 67,person67@example.com,Sousse,2024-01-12,27.0
68,Person 68,person68@example.com,Sfax,2024-01-13,39.0
69,Person 69,person69@example.com,Tunis,2024-01-14,31.0
70,Person 70,person70@example.com,Sfax,2024-01-15,35.0
71,Person 71,,Sousse,2024-01-16,56.0
72,Person 72,person72@example.com,Tunis,2024-01-17,53.0
73,Person 73,person73@example.com,Sfax,2024-01-18,52.0
74,Person 74,person74@example.com,Tunis,2024-01-19,38.0
75,Person 75,person75@example.com,Sousse,2024-01-20,72.0
76,Person 76,person76@example.com,Sfax,2024-01-21,22.0
77,Person 77,person77@example.com,Tunis,2024-01-22,37.0
78,Person 78,person78@example.com,Tunis,2024-01-23,24.0
79,Person 79,person79@example.com,Sfax,2024-01-24,
80,Person 80,person80@example.com,Sousse,2024-01-25,72.0
81,Person 81,person81@example.com,Sousse,2024-01-26,38.0
82,Person 82,person82@example.com,Sfax,2024-01-27,69.0
83,Person 83,person83@example.com,Tunis,2024-01-28,46.0
84,Person 84,person84@example.com,Sousse,2024-01-01,57.0
85,Person 85,person85@example.com,Sfax,2024-01-02,44.0
86,Person 86,person86@example.com,Sousse,2024-01-03,33.0
87,Person 87,person87@example.com,Tunis,2024-01-04,61.0
88,Person 88,person88@example.com,Tunis,2024-01-05,73.0
89,Person 89,person89@example.com,Sousse,2024-01-06,33.0
90,Person 90,,Sousse,2024-01-07,62.0
91,Person 91,person91@example.com,Sfax,2024-01-08,32.0
92,Person 92,person92@example.com,Sousse,2024-01-09,58.0
93,Person 93,person93@example.com,Sousse,2024-01-10,62.0
94,Person 94,person94@example.com,Sfax,2024-01-11,43.0
95,Person 95,person95@example.com,Sousse,2024-01-12,60.0
96,Person 96,person96@example.com,Tunis,2024-01-13,33.0
97,Person 97,person97@example.com,Tunis,2024-01-14,22.0
98,Person 98,person98@example.com,Sousse,2024-01-15,23.0
99,Person 99,person99@example.com,Sfax,2024-01-16,43.0
100,Person 100,person100@example.com,Tunis,2024-01-17,69.0
101,Person 101,person101@example.com,Sousse,2024-01-18,25.0
102,Person 102,person102@example.com,Tunis,2024-01-19,43.0
103,Person 103,person103@example.com,Sousse,2024-01-20,58.0
104,Person 104,person104@example.com,Tunis,2024-01-21,29.0
105,Person 105,person105@example.com,Sousse,2024-01-22,59.0
106,Person 106,person106@example.com,Sousse,2024-01-23,35.0
107,Person 107,person107@example.com,Sousse,2024-01-24,64.0
108,Person 108,person108@example.com,Sfax,2024-01-25,51.0
109,Person 109,person109@example.com,Sfax,2024-01-26,49.0
110,Person 110,person110@example.com,Sousse,2024-01-27,28.0
111,Person 111,person111@example.com,Tunis,2024-01-28,44.0
112,Person 112,person112@example.com,Sousse,2024-01-01,66.0
113,Person 113,person113@example.com,Sfax,2024-01-02,19.0
114,Person 114,person114@example.com,Sfax,2024-01-03,
115,,person115@example.com,Sfax,2024-01-04,46.0
116,Person 116,person116@example.com,Sfax,2024-01-05,59.0
117,Person 117,person117@example.com,,2024-01-06,55.0
118,Person 118,person118@example.com,Tunis,2024-01-07,42.0
119,Person 119,person119@example.com,Tunis,2024-01-08,35.0
120,Person 120,person120@example.com,Tunis,2024-01-09,53.0
