transaction_id,customer_id,product_id,amount,transaction_date
1,34,14,369.67,2024-02-15
2,59,19,443.77,2024-02-15
3,81,18,460.92,2024-02-15
4,59,10,254.3,2024-02-15
5,53,16,,2024-02-15
6,113,7,400.94,2024-02-15
7,20,10,160.65,2024-02-15
8,69,11,419.5,2024-02-15
9,66,20,249.6,2024-02-15
10,57,17,62.35,2024-02-15
11,97,10,40.67,2024-02-15
12,33,14,421.79,2024-02-15
13,115,5,32.51,2024-02-15
14,40,17,143.9,2024-02-15
15,66,12,170.39,2024-02-15
16,63,11,90.63,2024-02-15
17,102,16,160.38,2024-02-15
18,53,13,372.63,2024-02-15
19,35,2,12.27,2024-02-15
20,3,6,414.45,2024-02-15
21,44,4,428.99,2024-02-15
22,100,15,189.27,2024-02-15
23,2,1,81.04,
24,108,5,302.42,2024-02-15
25,66,12,64.24,2024-02-15
26,17,14,185.64,2024-02-15
27,37,11,479.42,2024-02-15
28,67,18,497.75,2024-02-15
29,38,19,,2024-02-15
30,14,3,158.93,2024-02-15
31,80,20,345.39,2024-02-15
32,81,13,354.18,2024-02-15
33,15,13,196.98,2024-02-15
34,34,2,322.24,2024-02-15
35,30,13,10.31,2024-02-15
36,80,15,108.48,
37,88,12,264.92,2024-02-15
38,88,2,,2024-02-15
39,113,11,87.12,2024-02-15
40,93,19,418.97,2024-02-15
41,39,15,494.62,2024-02-15
42,13,3,280.2,2024-02-15
43,74,20,420.34,2024-02-15
44,110,20,495.21,2024-02-15
45,118,4,75.09,2024-02-15
46,28,17,226.88,2024-02-15
47,29,9,199.32,2024-02-15
48,5,12,44.62,2024-02-15
49,17,9,378.89,2024-02-15
50,67,16,219.72,2024-02-15
51,66,20,237.32,2024-02-15
52,45,16,79.58,2024-02-15
53,38,19,94.56,2024-02-15
54,100,19,454.02,2024-02-15
55,56,2,27.1,2024-02-15
56,97,6,120.26,2024-02-15
57,116,15,,2024-02-15
58,39,12,247.65,2024-02-15
59,25,2,295.29,2024-02-15
60,115,2,249.18,2024-02-15
61,77,11,46.64,2024-02-15
62,35,13,125.62,2024-02-15
63,75,4,422.58,
64,62,4,320.61,
65,109,3,326.33,2024-02-15
66,31,12,336.75,2024-02-15
67,119,1,382.64,
68,113,12,33.76,2024-02-15
69,22,10,186.47,2024-02-15
70,20,10,272.07,2024-02-15
71,64,14,172.54,2024-02-15
72,6,11,423.02,2024-02-15
73,36,15,243.87,2024-02-15
74,53,16,385.47,2024-02-15
75,117,19,426.75,2024-02-15
76,120,16,254.87,2024-02-15
77,19,11,455.23,2024-02-15
78,108,10,295.63,2024-02-15
79,11,5,425.89,2024-02-15
80,90,12,173.59,2024-02-15
81,102,3,251.91,2024-02-15
82,107,19,268.05,2024-02-15
83,27,17,56.96,2024-02-15
84,108,3,202.28,2024-02-15
85,14,16,459.08,2024-02-15
86,63,3,317.26,2024-02-15
87,57,15,92.87,2024-02-15
88,38,2,172.73,2024-02-15
89,3,10,,2024-02-15
90,93,14,17.29,2024-02-15
91,41,15,464.09,2024-02-15
92,80,9,226.86,2024-02-15
93,50,19,157.23,
94,45,16,301.25,2024-02-15
95,107,5,8.62,2024-02-15
96,12,14,142.62,2024-02-15
97,89,15,353.0,2024-02-15
98,90,7,318.72,2024-02-15
99,46,15,490.99,2024-02-15
100,32,18,312.08,2024-02-15
101,1,17,241.37,2024-02-15
102,113,16,381.91,2024-02-15
103,114,13,452.15,2024-02-15
104,29,6,361.74,2024-02-15
105,4,16,481.79,2024-02-15
106,15,8,,2024-02-15
107,9,11,434.07,2024-02-15
108,100,7,61.48,2024-02-15
109,108,7,367.54,2024-02-15
110,19,4,222.84,2024-02-15
111,90,20,278.79,2024-02-15
112,22,3,328.78,2024-02-15
113,45,2,485.06,2024-02-15
114,72,19,492.37,2024-02-15
115,87,12,147.67,2024-02-15
116,105,9,368.21,2024-02-15
117,6,15,376.24,2024-02-15
118,24,8,176.51,2024-02-15
119,34,3,66.32,2024-02-15
120,38,15,25.27,2024-02-15
121,120,4,389.78,2024-02-15
122,94,12,247.4,2024-02-15
123,39,19,492.84,2024-02-15
124,117,19,235.16,2024-02-15
125,60,8,489.07,2024-02-15
126,61,16,208.73,2024-02-15
127,53,13,397.87,2024-02-15
128,18,10,46.99,2024-02-15
129,113,3,279.95,2024-02-15
130,2,8,402.02,2024-02-15
131,21,14,462.73,2024-02-15
132,28,20,412.18,2024-02-15
133,34,1,,2024-02-15
134,16,15,,2024-02-15
135,3,17,29.11,
136,82,20,59.09,2024-02-15
137,117,9,339.28,2024-02-15
138,15,3,358.06,2024-02-15
139,36,6,387.99,2024-02-15
140,61,18,433.4,2024-02-15
141,112,18,371.02,2024-02-15
142,84,13,401.43,2024-02-15
143,92,3,29.24,2024-02-15
144,70,3,121.09,2024-02-15
145,51,10,312.84,2024-02-15
146,24,12,429.77,2024-02-15
147,104,1,7.23,2024-02-15
148,97,14,259.74,
149,4,11,340.26,2024-02-15
150,86,1,19.66,2024-02-15
151,11,2,203.67,2024-02-15
152,89,10,448.34,2024-02-15
153,100,15,337.45,2024-02-15
154,16,17,122.64,2024-02-15
155,53,9,427.13,2024-02-15
156,15,6,177.28,2024-02-15
157,69,20,427.41,2024-02-15
158,112,10,152.98,2024-02-15
159,10,7,,2024-02-15
160,48,9,201.49,2024-02-15
161,117,1,141.04,2024-02-15
162,37,7,443.85,
163,16,11,97.86,2024-02-15
164,59,19,46.98,2024-02-15
165,62,15,174.25,2024-02-15
166,80,16,360.23,2024-02-15
167,38,11,404.68,2024-02-15
168,115,3,499.38,2024-02-15
169,63,8,151.7,2024-02-15
170,35,20,206.93,2024-02-15
171,116,1,72.73,2024-02-15
172,111,18,289.56,2024-02-15
173,60,14,498.8,2024-02-15
174,3,6,351.94,2024-02-15
175,72,16,299.63,2024-02-15
176,67,17,199.22,2024-02-15
177,18,1,458.07,2024-02-15
178,77,3,250.97,2024-02-15
179,101,14,71.51,2024-02-15
180,13,20,185.86,2024-02-15
181,87,1,38.25,2024-02-15
182,17,14,104.98,2024-02-15
183,90,3,13.75,2024-02-15
184,51,14,229.37,2024-02-15
185,1,13,319.1,2024-02-15
186,116,2,174.93,2024-02-15
187,20,14,,2024-02-15
188,72,18,479.81,2024-02-15
189,22,18,377.22,2024-02-15
190,112,1,272.72,2024-02-15
191,89,5,145.85,2024-02-15
192,97,5,449.01,2024-02-15
193,52,10,121.37,2024-02-15
194,57,3,166.04,2024-02-15
195,77,18,454.99,2024-02-15
196,95,16,267.12,2024-02-15
197,102,17,372.45,2024-02-15
198,3,4,297.42,2024-02-15
199,80,1,328.45,2024-02-15
200,14,19,153.19,2024-02-15
201,35,6,124.48,2024-02-15
202,100,14,164.63,2024-02-15
203,31,19,81.94,2024-02-15
204,96,1,437.79,2024-02-15
205,56,1,145.21,2024-02-15
206,28,1,282.94,2024-02-15
207,41,4,,2024-02-15
208,64,2,392.99,2024-02-15
209,92,17,222.0,2024-02-15
210,73,13,240.75,2024-02-15
211,112,20,497.38,2024-02-15
212,105,17,338.93,2024-02-15
213,91,20,408.25,2024-02-15
214,73,5,451.76,2024-02-15
215,35,6,394.86,2024-02-15
216,50,17,96.66,2024-02-15
217,15,5,283.27,2024-02-15
218,45,2,55.44,2024-02-15
219,112,14,328.2,
220,52,17,477.9,2024-02-15
221,14,20,258.8,2024-02-15
222,79,19,219.32,2024-02-15
223,116,3,22.74,2024-02-15
224,105,16,480.09,2024-02-15
225,33,17,55.99,2024-02-15
226,55,14,25.33,2024-02-15
227,64,17,126.8,2024-02-15
228,30,17,37.44,2024-02-15
229,33,9,230.28,2024-02-15
230,29,1,260.46,2024-02-15
231,120,10,159.72,2024-02-15
232,90,5,30.23,
233,101,3,60.24,2024-02-15
234,98,3,195.33,2024-02-15
235,116,14,34.96,2024-02-15
236,13,11,350.6,2024-02-15
237,106,11,107.48,2024-02-15
238,8,15,154.53,2024-02-15
239,58,11,200.09,2024-02-15
240,72,13,211.22,2024-02-15
241,43,2,5.82,2024-02-15
242,18,18,60.47,2024-02-15
243,24,9,432.07,2024-02-15
244,99,4,5.61,2024-02-15
245,39,17,256.54,2024-02-15
246,38,15,247.3,2024-02-15
247,111,2,169.88,2024-02-15
248,18,4,218.51,2024-02-15
249,110,1,391.39,2024-02-15
250,111,6,421.4,2024-02-15
251,72,2,133.87,2024-02-15
252,20,15,164.63,2024-02-15
253,19,11,125.03,
254,35,20,242.53,2024-02-15
255,70,15,343.21,2024-02-15
256,19,13,117.99,2024-02-15
257,55,11,168.71,2024-02-15
258,14,2,465.54,2024-02-15
259,65,2,29.04,2024-02-15
260,3,13,233.08,2024-02-15
261,86,1,357.22,2024-02-15
262,7,1,,2024-02-15
263,24,5,28.45,2024-02-15
264,21,18,73.41,2024-02-15
265,100,10,,2024-02-15
266,7,15,9.58,2024-02-15
267,52,9,98.22,2024-02-15
268,71,4,20.49,2024-02-15
269,62,8,59.76,2024-02-15
270,82,2,311.97,2024-02-15
271,97,16,124.61,2024-02-15
272,48,4,286.76,2024-02-15
273,100,8,297.15,2024-02-15
274,39,20,425.47,2024-02-15
275,119,12,7.35,2024-02-15
276,61,10,427.42,2024-02-15
277,89,11,311.46,2024-02-15
278,106,16,85.56,2024-02-15
279,96,6,387.6,2024-02-15
280,103,13,428.47,2024-02-15
281,65,18,130.86,2024-02-15
282,6,12,459.8,2024-02-15
283,60,9,229.96,2024-02-15
284,22,3,303.7,2024-02-15
285,107,5,492.4,2024-02-15
286,29,19,183.96,2024-02-15
287,28,11,407.51,2024-02-15
288,30,7,162.61,2024-02-15
289,78,9,400.61,2024-02-15
290,69,12,302.36,2024-02-15
291,114,11,112.1,2024-02-15
292,50,14,209.94,2024-02-15
293,34,6,162.23,2024-02-15
294,6,13,43.66,2024-02-15
295,1,9,19.77,2024-02-15
296,45,19,176.51,2024-02-15
297,112,4,14.42,2024-02-15
298,63,3,86.92,2024-02-15
299,108,10,363.97,
300,13,11,,2024-02-15
301,12,14,370.6,2024-02-15
302,101,9,161.99,2024-02-15
303,13,19,445.56,2024-02-15
304,7,10,298.95,2024-02-15
305,49,3,,2024-02-15
306,111,3,76.14,2024-02-15
307,83,20,348.08,2024-02-15
308,12,3,90.61,2024-02-15
309,101,19,256.11,2024-02-15
310,102,6,495.93,2024-02-15
311,97,2,6.98,
312,109,7,13.21,2024-02-15
313,29,13,496.58,2024-02-15
314,118,9,294.4,2024-02-15
315,39,16,67.82,2024-02-15
316,97,13,449.16,2024-02-15
317,70,9,440.79,2024-02-15
318,94,13,270.42,2024-02-15
319,76,20,312.79,2024-02-15
320,78,9,140.23,2024-02-15
321,74,4,30.01,2024-02-15
322,94,9,299.31,2024-02-15
323,89,17,150.9,2024-02-15
324,17,5,333.49,2024-02-15
325,100,19,418.94,2024-02-15
326,65,12,13.99,2024-02-15
327,39,13,299.88,2024-02-15
328,62,7,119.48,2024-02-15
329,117,19,437.57,2024-02-15
330,103,1,130.56,2024-02-15
331,101,6,307.33,2024-02-15
332,56,9,279.0,2024-02-15
333,95,10,201.1,2024-02-15
334,47,10,340.42,2024-02-15
335,83,3,364.26,2024-02-15
336,77,5,285.63,2024-02-15
337,30,2,380.42,2024-02-15
338,32,12,491.79,2024-02-15
339,8,8,212.54,2024-02-15
340,17,12,259.72,2024-02-15
341,53,12,11.17,2024-02-15
342,58,15,399.03,2024-02-15
343,20,11,262.51,2024-02-15
344,51,13,206.94,2024-02-15
345,73,12,51.57,2024-02-15
346,28,14,445.38,2024-02-15
347,41,13,200.53,2024-02-15
348,45,7,342.88,2024-02-15
349,61,5,78.94,2024-02-15
350,44,16,480.97,2024-02-15
351,89,7,93.33,2024-02-15
352,40,11,103.77,2024-02-15
353,53,4,430.2,2024-02-15
354,46,9,456.73,2024-02-15
355,22,11,110.01,2024-02-15
356,83,13,237.55,2024-02-15
357,29,11,368.08,2024-02-15
358,36,8,439.79,2024-02-15
359,96,20,192.63,2024-02-15
360,114,11,260.92,2024-02-15
