Ligne,Colonne,Mode de génération,Traitement attendu
0,transaction_amount,format,Correction
1,age,unit,Révision
1,income,negative,Révision
3,income,blank,Révision
3,spending_score,format,Correction
3,num_transactions,domain,Révision
4,income,text,Révision
6,spending_score,format,Correction
7,spending_score,unit,Révision
7,transaction_amount,blank,Révision
8,num_transactions,text,Révision
9,age,negative,Révision
9,spending_score,format,Correction
9,num_transactions,negative,Révision
10,income,format,Correction
13,income,unit,Révision
14,age,missing,Révision
14,num_transactions,unit,Révision
15,transaction_amount,negative,Révision
16,income,format,Correction
17,income,unit,Révision
18,age,unit,Révision
18,income,domain,Révision
19,age,missing,Révision
19,income,ambiguous,Révision
21,age,format,Correction
21,spending_score,format,Correction
21,transaction_amount,format,Correction
22,transaction_amount,negative,Révision
23,transaction_amount,ambiguous,Révision
24,income,missing,Révision
25,age,format,Correction
25,income,domain,Révision
25,spending_score,nonfinite,Révision
26,income,nonfinite,Révision
27,age,domain,Révision
27,income,ambiguous,Révision
27,num_transactions,format,Correction
28,transaction_amount,domain,Révision
28,num_transactions,nonfinite,Révision
30,income,blank,Révision
30,spending_score,blank,Révision
33,age,missing,Révision
33,spending_score,missing,Révision
34,age,missing,Révision
34,income,format,Correction
35,num_transactions,domain,Révision
36,age,text,Révision
36,income,text,Révision
38,spending_score,format,Correction
38,transaction_amount,format,Correction
39,age,nonfinite,Révision
41,num_transactions,format,Correction
43,income,missing,Révision
43,spending_score,text,Révision
44,transaction_amount,format,Correction
45,age,domain,Révision
45,income,blank,Révision
46,spending_score,format,Correction
47,income,unit,Révision
48,age,missing,Révision
49,spending_score,blank,Révision
49,num_transactions,format,Correction
50,age,format,Correction
51,transaction_amount,format,Correction
52,income,blank,Révision
53,income,format,Correction
53,num_transactions,ambiguous,Révision
54,transaction_amount,negative,Révision
54,num_transactions,negative,Révision
55,spending_score,ambiguous,Révision
56,age,ambiguous,Révision
57,income,format,Correction
57,num_transactions,blank,Révision
59,transaction_amount,ambiguous,Révision
61,spending_score,missing,Révision
63,transaction_amount,text,Révision
64,age,missing,Révision
64,spending_score,format,Correction
64,num_transactions,format,Correction
65,spending_score,format,Correction
66,age,ambiguous,Révision
66,income,negative,Révision
66,num_transactions,format,Correction
67,spending_score,negative,Révision
67,transaction_amount,format,Correction
67,num_transactions,format,Correction
68,income,text,Révision
68,transaction_amount,negative,Révision
68,num_transactions,unit,Révision
69,age,text,Révision
69,transaction_amount,nonfinite,Révision
70,age,nonfinite,Révision
70,income,format,Correction
71,num_transactions,missing,Révision
72,income,negative,Révision
72,transaction_amount,format,Correction
73,transaction_amount,domain,Révision
74,transaction_amount,ambiguous,Révision
75,income,format,Correction
75,transaction_amount,missing,Révision
77,age,nonfinite,Révision
78,income,missing,Révision
79,age,format,Correction
79,income,blank,Révision
79,transaction_amount,text,Révision
79,num_transactions,negative,Révision
80,income,unit,Révision
80,transaction_amount,domain,Révision
81,transaction_amount,format,Correction
82,age,format,Correction
82,income,format,Correction
83,age,format,Correction
83,spending_score,format,Correction
83,transaction_amount,format,Correction
84,age,missing,Révision
84,income,text,Révision
84,spending_score,nonfinite,Révision
84,num_transactions,nonfinite,Révision
85,spending_score,format,Correction
86,transaction_amount,blank,Révision
88,spending_score,text,Révision
88,num_transactions,format,Correction
90,transaction_amount,format,Correction
91,income,format,Correction
91,num_transactions,missing,Révision
92,age,format,Correction
93,age,missing,Révision
93,spending_score,nonfinite,Révision
93,num_transactions,format,Correction
94,transaction_amount,nonfinite,Révision
95,spending_score,missing,Révision
96,age,text,Révision
98,spending_score,unit,Révision
99,spending_score,unit,Révision
100,transaction_amount,negative,Révision
101,income,text,Révision
101,num_transactions,format,Correction
102,income,negative,Révision
102,num_transactions,format,Correction
103,num_transactions,unit,Révision
105,income,domain,Révision
105,transaction_amount,missing,Révision
107,age,format,Correction
107,transaction_amount,negative,Révision
108,income,negative,Révision
109,spending_score,format,Correction
109,transaction_amount,format,Correction
109,num_transactions,format,Correction
110,transaction_amount,format,Correction
111,income,ambiguous,Révision
113,spending_score,format,Correction
113,num_transactions,format,Correction
114,spending_score,blank,Révision
115,transaction_amount,negative,Révision
116,spending_score,missing,Révision
116,transaction_amount,domain,Révision
117,spending_score,blank,Révision
118,transaction_amount,ambiguous,Révision
120,age,domain,Révision
120,transaction_amount,missing,Révision
121,age,format,Correction
122,age,ambiguous,Révision
123,age,format,Correction
123,num_transactions,unit,Révision
124,num_transactions,unit,Révision
125,age,ambiguous,Révision
125,num_transactions,blank,Révision
126,spending_score,format,Correction
128,income,format,Correction
128,spending_score,blank,Révision
128,num_transactions,text,Révision
130,spending_score,ambiguous,Révision
131,age,format,Correction
134,income,format,Correction
134,spending_score,unit,Révision
134,transaction_amount,missing,Révision
134,num_transactions,domain,Révision
135,age,negative,Révision
135,income,ambiguous,Révision
135,spending_score,unit,Révision
135,num_transactions,domain,Révision
136,income,missing,Révision
136,spending_score,nonfinite,Révision
137,age,blank,Révision
137,num_transactions,domain,Révision
138,transaction_amount,negative,Révision
138,num_transactions,format,Correction
141,spending_score,format,Correction
141,transaction_amount,format,Correction
142,age,text,Révision
142,num_transactions,format,Correction
143,num_transactions,blank,Révision
145,spending_score,format,Correction
145,transaction_amount,format,Correction
146,transaction_amount,missing,Révision
147,spending_score,missing,Révision
149,income,ambiguous,Révision
149,transaction_amount,domain,Révision
150,transaction_amount,format,Correction
151,income,format,Correction
152,spending_score,unit,Révision
152,transaction_amount,format,Correction
153,age,missing,Révision
154,income,format,Correction
155,income,format,Correction
155,transaction_amount,format,Correction
156,age,domain,Révision
156,income,missing,Révision
159,transaction_amount,negative,Révision
160,num_transactions,format,Correction
163,age,blank,Révision
163,income,domain,Révision
163,num_transactions,format,Correction
165,income,unit,Révision
166,age,unit,Révision
166,income,format,Correction
167,age,unit,Révision
167,transaction_amount,negative,Révision
169,income,format,Correction
170,age,ambiguous,Révision
171,transaction_amount,missing,Révision
173,age,format,Correction
173,income,format,Correction
174,age,negative,Révision
175,spending_score,missing,Révision
176,age,nonfinite,Révision
176,income,format,Correction
176,transaction_amount,blank,Révision
179,age,negative,Révision
179,spending_score,negative,Révision
179,transaction_amount,domain,Révision
180,transaction_amount,missing,Révision
181,spending_score,domain,Révision
182,income,ambiguous,Révision
184,age,ambiguous,Révision
184,income,format,Correction
184,transaction_amount,missing,Révision
185,transaction_amount,domain,Révision
186,income,nonfinite,Révision
190,age,format,Correction
190,num_transactions,unit,Révision
191,age,format,Correction
191,income,missing,Révision
192,spending_score,text,Révision
193,spending_score,format,Correction
193,num_transactions,format,Correction
194,age,missing,Révision
194,spending_score,format,Correction
194,num_transactions,unit,Révision
196,age,blank,Révision
198,spending_score,format,Correction
199,spending_score,missing,Révision
199,num_transactions,text,Révision
200,age,missing,Révision
202,income,text,Révision
202,spending_score,unit,Révision
202,transaction_amount,blank,Révision
203,age,domain,Révision
203,income,nonfinite,Révision
203,transaction_amount,domain,Révision
205,spending_score,domain,Révision
205,transaction_amount,negative,Révision
206,age,format,Correction
206,income,format,Correction
207,age,format,Correction
208,spending_score,format,Correction
210,age,missing,Révision
211,income,format,Correction
211,spending_score,domain,Révision
212,income,blank,Révision
212,num_transactions,domain,Révision
215,spending_score,blank,Révision
216,age,format,Correction
216,spending_score,format,Correction
216,transaction_amount,blank,Révision
217,income,nonfinite,Révision
217,transaction_amount,format,Correction
218,spending_score,unit,Révision
218,transaction_amount,ambiguous,Révision
220,age,blank,Révision
220,spending_score,missing,Révision
221,income,ambiguous,Révision
221,spending_score,text,Révision
225,age,format,Correction
225,spending_score,missing,Révision
225,transaction_amount,blank,Révision
226,num_transactions,format,Correction
227,spending_score,format,Correction
228,age,negative,Révision
229,spending_score,negative,Révision
229,transaction_amount,domain,Révision
229,num_transactions,ambiguous,Révision
230,income,negative,Révision
230,num_transactions,format,Correction
232,income,blank,Révision
232,transaction_amount,text,Révision
233,income,ambiguous,Révision
233,transaction_amount,ambiguous,Révision
234,age,text,Révision
234,income,blank,Révision
236,age,missing,Révision
236,spending_score,negative,Révision
236,transaction_amount,domain,Révision
237,num_transactions,domain,Révision
238,age,nonfinite,Révision
238,transaction_amount,format,Correction
241,transaction_amount,format,Correction
241,num_transactions,ambiguous,Révision
242,age,text,Révision
242,transaction_amount,format,Correction
242,num_transactions,domain,Révision
243,income,domain,Révision
244,age,missing,Révision
244,income,format,Correction
244,transaction_amount,format,Correction
246,spending_score,text,Révision
246,num_transactions,unit,Révision
247,income,missing,Révision
247,spending_score,format,Correction
247,num_transactions,unit,Révision
248,transaction_amount,text,Révision
249,transaction_amount,format,Correction
250,income,format,Correction
252,num_transactions,missing,Révision
254,num_transactions,missing,Révision
255,age,domain,Révision
255,transaction_amount,format,Correction
256,num_transactions,ambiguous,Révision
257,income,nonfinite,Révision
257,transaction_amount,missing,Révision
259,income,domain,Révision
259,spending_score,format,Correction
260,spending_score,ambiguous,Révision
261,num_transactions,missing,Révision
262,income,blank,Révision
262,spending_score,format,Correction
264,age,domain,Révision
264,spending_score,format,Correction
265,spending_score,text,Révision
267,income,unit,Révision
267,num_transactions,format,Correction
268,age,negative,Révision
269,num_transactions,unit,Révision
272,income,text,Révision
272,transaction_amount,domain,Révision
274,transaction_amount,negative,Révision
275,transaction_amount,domain,Révision
276,spending_score,unit,Révision
277,transaction_amount,nonfinite,Révision
277,num_transactions,format,Correction
278,spending_score,missing,Révision
279,num_transactions,format,Correction
280,transaction_amount,format,Correction
280,num_transactions,nonfinite,Révision
281,transaction_amount,missing,Révision
283,transaction_amount,blank,Révision
284,transaction_amount,blank,Révision
284,num_transactions,text,Révision
286,num_transactions,ambiguous,Révision
287,spending_score,text,Révision
288,age,unit,Révision
289,income,format,Correction
289,spending_score,format,Correction
290,income,format,Correction
290,spending_score,text,Révision
291,income,missing,Révision
293,spending_score,ambiguous,Révision
293,transaction_amount,format,Correction
294,income,domain,Révision
295,transaction_amount,nonfinite,Révision
297,spending_score,nonfinite,Révision
298,spending_score,format,Correction
299,age,ambiguous,Révision
300,age,missing,Révision
301,spending_score,blank,Révision
302,income,format,Correction
302,num_transactions,format,Correction
303,age,nonfinite,Révision
303,income,missing,Révision
303,num_transactions,format,Correction
304,transaction_amount,nonfinite,Révision
304,num_transactions,blank,Révision
305,income,format,Correction
305,spending_score,blank,Révision
306,transaction_amount,text,Révision
307,transaction_amount,format,Correction
309,age,negative,Révision
309,income,format,Correction
309,spending_score,missing,Révision
310,income,text,Révision
311,num_transactions,nonfinite,Révision
312,income,format,Correction
312,spending_score,missing,Révision
312,transaction_amount,domain,Révision
313,age,unit,Révision
313,transaction_amount,format,Correction
313,num_transactions,nonfinite,Révision
314,age,negative,Révision
314,income,blank,Révision
315,age,domain,Révision
317,income,unit,Révision
320,age,unit,Révision
320,income,format,Correction
320,spending_score,missing,Révision
321,age,format,Correction
321,income,ambiguous,Révision
321,transaction_amount,ambiguous,Révision
322,spending_score,ambiguous,Révision
325,age,text,Révision
326,age,nonfinite,Révision
328,transaction_amount,text,Révision
328,num_transactions,format,Correction
329,age,format,Correction
329,income,ambiguous,Révision
329,spending_score,format,Correction
329,num_transactions,domain,Révision
331,age,missing,Révision
331,num_transactions,nonfinite,Révision
332,num_transactions,format,Correction
334,age,negative,Révision
334,income,negative,Révision
334,spending_score,blank,Révision
334,num_transactions,format,Correction
336,num_transactions,missing,Révision
337,age,ambiguous,Révision
337,num_transactions,domain,Révision
339,spending_score,text,Révision
339,num_transactions,format,Correction
340,num_transactions,text,Révision
341,income,nonfinite,Révision
341,spending_score,text,Révision
343,spending_score,text,Révision
346,spending_score,text,Révision
347,age,missing,Révision
348,age,blank,Révision
348,transaction_amount,domain,Révision
350,spending_score,negative,Révision
351,spending_score,format,Correction
351,transaction_amount,domain,Révision
353,spending_score,domain,Révision
354,spending_score,negative,Révision
355,spending_score,negative,Révision
356,num_transactions,missing,Révision
357,spending_score,unit,Révision
357,transaction_amount,format,Correction
358,num_transactions,format,Correction
359,age,missing,Révision
359,transaction_amount,domain,Révision
360,age,format,Correction
360,transaction_amount,unit,Révision
361,spending_score,negative,Révision
362,spending_score,unit,Révision
363,transaction_amount,domain,Révision
364,age,format,Correction
366,transaction_amount,ambiguous,Révision
366,num_transactions,ambiguous,Révision
367,income,text,Révision
368,spending_score,format,Correction
368,transaction_amount,format,Correction
368,num_transactions,format,Correction
370,transaction_amount,format,Correction
371,age,format,Correction
371,transaction_amount,format,Correction
372,income,unit,Révision
372,spending_score,format,Correction
374,num_transactions,format,Correction
375,age,nonfinite,Révision
376,transaction_amount,format,Correction
377,spending_score,domain,Révision
377,transaction_amount,domain,Révision
378,age,format,Correction
380,age,domain,Révision
380,income,missing,Révision
382,spending_score,ambiguous,Révision
382,num_transactions,unit,Révision
383,age,unit,Révision
383,transaction_amount,negative,Révision
384,transaction_amount,blank,Révision
385,transaction_amount,format,Correction
387,income,missing,Révision
387,num_transactions,negative,Révision
388,transaction_amount,format,Correction
389,income,unit,Révision
389,spending_score,missing,Révision
389,transaction_amount,text,Révision
390,income,format,Correction
390,num_transactions,nonfinite,Révision
392,age,blank,Révision
393,transaction_amount,format,Correction
393,num_transactions,format,Correction
395,age,negative,Révision
395,income,missing,Révision
399,age,domain,Révision
399,income,domain,Révision
399,num_transactions,unit,Révision
400,age,blank,Révision
400,income,missing,Révision
400,num_transactions,missing,Révision
403,age,format,Correction
403,income,format,Correction
404,age,nonfinite,Révision
404,income,text,Révision
404,num_transactions,blank,Révision
405,age,ambiguous,Révision
405,spending_score,domain,Révision
408,age,ambiguous,Révision
408,income,text,Révision
410,income,nonfinite,Révision
410,num_transactions,missing,Révision
413,num_transactions,format,Correction
415,age,missing,Révision
415,transaction_amount,ambiguous,Révision
416,spending_score,text,Révision
417,transaction_amount,missing,Révision
417,num_transactions,nonfinite,Révision
418,income,ambiguous,Révision
421,age,text,Révision
421,transaction_amount,blank,Révision
422,spending_score,format,Correction
422,transaction_amount,format,Correction
422,num_transactions,negative,Révision
423,income,negative,Révision
424,age,ambiguous,Révision
424,income,format,Correction
425,transaction_amount,format,Correction
426,transaction_amount,text,Révision
427,transaction_amount,domain,Révision
429,income,format,Correction
430,spending_score,unit,Révision
431,transaction_amount,missing,Révision
432,income,format,Correction
432,spending_score,domain,Révision
433,age,format,Correction
434,income,blank,Révision
435,spending_score,nonfinite,Révision
436,age,domain,Révision
436,spending_score,format,Correction
436,num_transactions,text,Révision
437,age,domain,Révision
437,num_transactions,format,Correction
439,num_transactions,format,Correction
440,age,unit,Révision
440,spending_score,ambiguous,Révision
441,transaction_amount,format,Correction
442,age,domain,Révision
442,transaction_amount,negative,Révision
443,spending_score,missing,Révision
444,age,format,Correction
445,age,format,Correction
445,income,negative,Révision
446,num_transactions,format,Correction
447,num_transactions,blank,Révision
448,spending_score,format,Correction
448,transaction_amount,format,Correction
448,num_transactions,domain,Révision
449,transaction_amount,text,Révision
451,age,ambiguous,Révision
452,age,negative,Révision
452,income,format,Correction
453,income,format,Correction
455,age,blank,Révision
456,num_transactions,unit,Révision
457,num_transactions,ambiguous,Révision
458,age,format,Correction
458,income,negative,Révision
459,age,text,Révision
459,spending_score,format,Correction
459,transaction_amount,negative,Révision
459,num_transactions,format,Correction
460,transaction_amount,format,Correction
461,spending_score,text,Révision
462,num_transactions,format,Correction
464,age,negative,Révision
464,spending_score,blank,Révision
464,transaction_amount,format,Correction
467,spending_score,negative,Révision
468,spending_score,text,Révision
469,income,domain,Révision
470,age,blank,Révision
471,age,blank,Révision
471,spending_score,text,Révision
471,num_transactions,format,Correction
473,income,format,Correction
473,spending_score,text,Révision
474,income,domain,Révision
475,age,missing,Révision
475,transaction_amount,domain,Révision
476,age,missing,Révision
476,transaction_amount,missing,Révision
477,age,missing,Révision
478,age,format,Correction
478,num_transactions,ambiguous,Révision
479,income,missing,Révision
479,num_transactions,format,Correction
481,income,format,Correction
481,spending_score,blank,Révision
481,transaction_amount,format,Correction
482,spending_score,missing,Révision
484,age,nonfinite,Révision
484,transaction_amount,format,Correction
484,num_transactions,format,Correction
486,income,domain,Révision
486,num_transactions,format,Correction
487,spending_score,ambiguous,Révision
488,age,format,Correction
490,spending_score,format,Correction
491,age,format,Correction
492,spending_score,negative,Révision
493,income,ambiguous,Révision
493,transaction_amount,format,Correction
494,spending_score,missing,Révision
496,num_transactions,ambiguous,Révision
497,spending_score,format,Correction
498,income,format,Correction
498,transaction_amount,domain,Révision
499,age,negative,Révision
