transaction_id,client_id,transaction_date,amount,payment_method,product_id
T000000,C00020,2025-02-15,296.25,transfer,P0013
T000001,C00142,2025-02-15,203.19,cash,P0014
T000002,C00105,2025-02-15,,transfer,P0008
T000003,C00197,2025-02-15,469.45,cash,P0009
T000004,C00150,,505.52,transfer,P0006
T000005,C00123,2025-02-15,159.91,cash,P0024
T000006,C00102,,196.88,card,P0007
T000007,C00011,2025-02-15,,cash,P0028
T000008,C00015,2025-02-15,999999.0,card,P0017
T000009,C00124,2025-02-15,411.54,,P0025
T000010,C00001,2025-02-15,140.81,transfer,P0020
T000011,C00009,2025-02-15,201.79,transfer,P0008
T000012,C00044,2025-02-15,558.58,card,P0019
T000013,C00177,2025-02-15,33.9,transfer,P0009
T000014,C00092,2025-02-15,279.16,card,P0004
T000015,C00142,2025-02-15,428.38,card,P0008
T000016,C00083,2025-02-15,94.52,transfer,P0009
T000017,C00035,2025-02-15,33.19,card,P0005
T000018,C00075,2025-02-15,87.23,transfer,P0001
T000019,C00019,2025-02-15,551.7,transfer,P0029
T000020,C00155,,10.51,card,P0016
T000021,C00037,2025-02-15,117.05,card,P0013
T000022,C00076,2025-02-15,23.61,transfer,P0028
T000023,C00197,2025-02-15,70.82,,P0007
T000024,C00119,2025-02-15,373.99,cash,P0013
T000025,C00092,2025-02-15,148.78,,P0026
T000026,C00109,2025-02-15,343.68,cash,P0019
T000027,C00157,2025-02-15,356.17,transfer,P0012
T000028,C00051,2025-02-15,510.41,cash,P0008
T000029,C00128,2025-02-15,7.82,card,P0002
T000030,C00175,2025-02-15,512.75,cash,P0003
T000031,C00115,2025-02-15,373.38,transfer,P0005
T000032,C00090,2025-02-15,101.83,card,P0024
T000033,C00030,2025-02-15,464.9,,P0020
T000034,C00050,2025-02-15,514.02,transfer,P0014
T000035,C00190,,156.29,,P0024
T000036,C00109,2025-02-15,551.68,card,P0005
T000037,C00061,2025-02-15,275.4,card,P0007
T000038,C00084,2025-02-15,,cash,P0012
T000039,C00116,2025-02-15,590.87,cash,P0028
T000040,C00108,2025-02-15,220.11,transfer,P0019
T000041,C00140,2025-02-15,488.83,cash,P0026
T000042,C00052,2025-02-15,194.45,,P0008
T000043,C00130,2025-02-15,480.53,card,P0026
T000044,C00089,2025-02-15,362.44,cash,P0003
T000045,C00189,2025-02-15,133.73,card,P0007
T000046,C00032,2025-02-15,251.35,cash,P0016
T000047,C00030,2025-02-15,193.99,card,P0002
T000048,C00093,2025-02-15,51.47,cash,P0026
T000049,C00102,2025-02-15,22.75,cash,P0027
T000050,C00139,2025-02-15,211.15,card,P0017
T000051,C00081,2025-02-15,16.33,card,P0010
T000052,C00183,2025-02-15,,cash,P0003
T000053,C00095,2025-02-15,436.48,transfer,P0019
T000054,C00026,2025-02-15,426.31,card,P0017
T000055,C00024,2025-02-15,444.46,cash,P0023
T000056,C00195,2025-02-15,193.71,card,P0019
T000057,C00027,2025-02-15,534.56,,P0004
T000058,C00190,2025-02-15,358.33,cash,P0004
T000059,C00056,2025-02-15,79.99,transfer,P0024
T000060,C00019,2025-02-15,90.51,card,P0005
T000061,C00061,2025-02-15,417.39,card,P0029
T000062,C00123,2025-02-15,107.9,cash,P0004
T000063,C00086,2025-02-15,306.84,cash,P0022
T000064,C00158,2025-02-15,595.11,transfer,P0030
T000065,C00123,2025-02-15,,transfer,P0014
T000066,C00081,2025-02-15,14.86,transfer,P0002
T000067,C00127,2025-02-15,595.89,cash,P0027
T000068,C00195,,352.86,cash,P0006
T000069,C00083,2025-02-15,80.51,cash,P0016
T000070,C00031,2025-02-15,538.89,card,P0030
T000071,C00082,,528.83,cash,P0023
T000072,C00169,2025-02-15,324.04,,P0002
T000073,C00044,2025-02-15,374.97,card,P0025
T000074,C00190,2025-02-15,167.55,,P0005
T000075,C00118,2025-02-15,35.06,cash,P0023
T000076,C00121,2025-02-15,358.77,cash,P0019
T000077,C00064,2025-02-15,180.38,transfer,P0009
T000078,C00185,2025-02-15,399.85,cash,P0013
T000079,C00008,2025-02-15,502.57,transfer,P0004
T000080,C00060,2025-02-15,15.81,cash,P0030
T000081,C00084,2025-02-15,359.45,card,P0008
T000082,C00096,2025-02-15,,card,P0010
T000083,C00095,2025-02-15,524.96,transfer,P0016
T000084,C00030,2025-02-15,155.93,cash,P0021
T000085,C00046,,368.41,card,P0016
T000086,C00020,2025-02-15,334.36,cash,P0016
T000087,C00115,,240.72,transfer,P0018
T000088,C00071,2025-02-15,408.18,cash,P0026
T000089,C00114,,436.83,card,P0012
T000090,C00118,2025-02-15,342.33,card,P0025
T000091,C00141,2025-02-15,456.26,transfer,P0024
T000092,C00110,2025-02-15,590.13,transfer,P0029
T000093,C00130,2025-02-15,254.47,transfer,P0028
T000094,C00118,2025-02-15,311.18,transfer,P0024
T000095,C00131,,12.42,card,P0008
T000096,C00124,2025-02-15,478.64,card,P0024
T000097,C00064,2025-02-15,314.54,card,P0023
T000098,C00050,2025-02-15,247.74,card,P0009
T000099,C00158,2025-02-15,60.97,transfer,P0021
T000100,C00069,2025-02-15,534.35,transfer,P0008
T000101,C00110,,,card,P0016
T000102,C00040,2025-02-15,411.14,transfer,P0024
T000103,C00087,2025-02-15,93.88,cash,P0006
T000104,C00106,2025-02-15,577.12,card,P0011
T000105,C00126,2025-02-15,111.17,transfer,P0024
T000106,C00106,2025-02-15,123.73,transfer,P0014
T000107,C00073,2025-02-15,516.09,cash,P0029
T000108,C00193,2025-02-15,547.99,,P0001
T000109,C00103,2025-02-15,131.23,cash,P0022
T000110,C00162,2025-02-15,284.53,,P0025
T000111,C00148,2025-02-15,441.43,cash,P0028
T000112,C00112,2025-02-15,527.63,transfer,P0005
T000113,C00178,2025-02-15,230.54,card,P0030
T000114,C00026,2025-02-15,312.63,card,P0012
T000115,C00185,2025-02-15,446.32,transfer,P0011
T000116,C00171,2025-02-15,440.03,card,P0011
T000117,C00101,2025-02-15,470.86,card,P0020
T000118,C00147,2025-02-15,344.11,transfer,P0020
T000119,C00105,2025-02-15,67.25,card,P0015
T000120,C00054,2025-02-15,542.86,cash,P0003
T000121,C00160,2025-02-15,520.02,card,P0030
T000122,C00050,2025-02-15,479.87,card,P0007
T000123,C00063,2025-02-15,64.42,transfer,P0003
T000124,C00104,2025-02-15,126.62,card,P0018
T000125,C00168,2025-02-15,447.44,card,P0013
T000126,C00077,2025-02-15,18.77,transfer,P0019
T000127,C00099,2025-02-15,587.64,transfer,P0027
T000128,C00009,2025-02-15,229.4,card,P0003
T000129,C00024,2025-02-15,432.99,transfer,P0009
T000130,C00012,2025-02-15,533.1,cash,P0016
T000131,C00015,2025-02-15,239.8,transfer,P0024
T000132,C00174,2025-02-15,194.88,card,P0019
T000133,C00169,2025-02-15,367.2,transfer,P0012
T000134,C00165,2025-02-15,,cash,P0019
T000135,C00012,2025-02-15,248.44,transfer,P0030
T000136,C00016,2025-02-15,363.06,,P0015
T000137,C00057,2025-02-15,561.55,transfer,P0027
T000138,C00114,2025-02-15,283.25,cash,P0024
T000139,C00067,2025-02-15,122.06,card,P0010
T000140,C00098,2025-02-15,229.44,transfer,P0008
T000141,C00035,,,transfer,P0024
T000142,C00147,2025-02-15,83.01,card,P0007
T000143,C00063,2025-02-15,101.91,cash,P0011
T000144,C00014,2025-02-15,412.31,cash,P0008
T000145,C00149,2025-02-15,206.99,,P0019
T000146,C00181,2025-02-15,573.16,transfer,P0009
T000147,C00003,2025-02-15,149.94,transfer,P0020
T000148,C00088,,63.86,card,P0029
T000149,C00166,2025-02-15,453.34,transfer,P0025
T000150,C00142,2025-02-15,529.22,cash,P0029
T000151,C00172,2025-02-15,170.48,transfer,P0001
T000152,C00084,2025-02-15,,transfer,P0014
T000153,C00075,,115.53,cash,P0007
T000154,C00142,2025-02-15,315.6,cash,P0028
T000155,C00031,2025-02-15,283.71,cash,P0022
T000156,C00048,2025-02-15,,transfer,P0010
T000157,C00121,2025-02-15,31.88,,P0017
T000158,C00134,2025-02-15,291.49,card,P0019
T000159,C00024,2025-02-15,575.8,cash,P0015
T000160,C00102,2025-02-15,393.25,card,P0015
T000161,C00073,2025-02-15,299.83,,P0002
T000162,C00101,,70.86,card,P0014
T000163,C00192,2025-02-15,155.2,card,P0011
T000164,C00016,2025-02-15,180.39,transfer,P0025
T000165,C00200,2025-02-15,460.06,card,P0026
T000166,C00090,2025-02-15,526.64,cash,P0023
T000167,C00155,2025-02-15,541.48,transfer,P0001
T000168,C00085,2025-02-15,590.82,transfer,P0026
T000169,C00063,2025-02-15,589.51,cash,P0012
T000170,C00155,2025-02-15,572.03,card,P0013
T000171,C00138,2025-02-15,47.73,transfer,P0029
T000172,C00029,2025-02-15,86.99,transfer,P0027
T000173,C00142,2025-02-15,186.16,cash,P0002
T000174,C00151,2025-02-15,333.97,card,P0011
T000175,C00078,2025-02-15,62.7,card,P0023
T000176,C00186,2025-02-15,508.25,card,P0017
T000177,C00129,2025-02-15,371.97,card,P0008
T000178,C00067,2025-02-15,327.71,transfer,P0016
T000179,C00003,2025-02-15,103.36,card,P0026
T000180,C00135,2025-02-15,155.69,card,P0007
T000181,C00042,2025-02-15,100.39,transfer,P0023
T000182,C00152,2025-02-15,511.9,transfer,P0023
T000183,C00106,2025-02-15,,card,P0027
T000184,C00094,2025-02-15,442.4,cash,P0009
T000185,C00033,2025-02-15,181.14,cash,P0007
T000186,C00143,2025-02-15,,cash,P0017
T000187,C00034,2025-02-15,245.89,transfer,P0016
T000188,C00084,2025-02-15,457.21,transfer,P0013
T000189,C00168,2025-02-15,464.55,transfer,P0024
T000190,C00185,,128.05,card,P0024
T000191,C00198,2025-02-15,565.22,card,P0008
T000192,C00192,2025-02-15,76.79,cash,P0024
T000193,C00112,2025-02-15,538.19,card,P0007
T000194,C00041,2025-02-15,64.74,cash,P0013
T000195,C00168,2025-02-15,162.4,card,P0001
T000196,C00161,2025-02-15,508.65,transfer,P0011
T000197,C00199,2025-02-15,111.8,card,P0029
T000198,C00131,2025-02-15,251.07,card,P0014
T000199,C00029,2025-02-15,272.67,card,P0022
T000200,C00101,2025-02-15,150.93,card,P0004
T000201,C00090,2025-02-15,,cash,P0020
T000202,C00169,2025-02-15,511.54,cash,P0012
T000203,C00079,2025-02-15,525.37,transfer,P0023
T000204,C00066,2025-02-15,206.9,card,P0028
T000205,C00017,2025-02-15,320.86,cash,P0016
T000206,C00168,2025-02-15,152.8,cash,P0004
T000207,C00152,2025-02-15,150.65,cash,P0015
T000208,C00009,2025-02-15,100.95,transfer,P0004
T000209,C00087,2025-02-15,564.31,card,P0014
T000210,C00096,2025-02-15,533.35,cash,P0002
T000211,C00094,2025-02-15,467.53,transfer,P0020
T000212,C00184,2025-02-15,313.01,transfer,P0010
T000213,C00031,2025-02-15,296.91,cash,P0007
T000214,C00062,2025-02-15,320.2,cash,P0001
T000215,C00037,2025-02-15,324.26,transfer,P0027
T000216,C00049,2025-02-15,263.57,cash,P0026
T000217,C00182,2025-02-15,83.39,transfer,P0025
T000218,C00189,2025-02-15,79.77,card,P0002
T000219,C00009,2025-02-15,571.59,cash,P0011
T000220,C00127,2025-02-15,291.81,card,P0030
T000221,C00047,2025-02-15,572.16,card,P0018
T000222,C00039,2025-02-15,,cash,P0004
T000223,C00059,2025-02-15,334.88,card,P0005
T000224,C00039,2025-02-15,,cash,P0008
T000225,C00099,2025-02-15,,,P0030
T000226,C00200,2025-02-15,,cash,P0006
T000227,C00118,2025-02-15,75.78,transfer,P0028
T000228,C00145,2025-02-15,,transfer,P0021
T000229,C00099,2025-02-15,,cash,P0028
T000230,C00003,2025-02-15,366.84,card,P0025
T000231,C00017,2025-02-15,281.68,transfer,P0010
T000232,C00054,2025-02-15,243.27,card,P0025
T000233,C00049,2025-02-15,321.47,cash,P0006
T000234,C00169,2025-02-15,116.41,cash,P0009
T000235,C00169,2025-02-15,593.22,card,P0007
T000236,C00171,2025-02-15,491.89,cash,P0004
T000237,C00128,2025-02-15,446.26,card,P0003
T000238,C00112,2025-02-15,283.91,card,P0006
T000239,C00130,2025-02-15,95.96,cash,P0004
T000240,C00082,2025-02-15,552.8,card,P0012
T000241,C00135,2025-02-15,208.13,transfer,P0003
T000242,C00159,2025-02-15,,card,P0002
T000243,C00153,2025-02-15,208.73,cash,P0030
T000244,C00123,2025-02-15,477.7,transfer,P0003
T000245,C00012,2025-02-15,375.51,card,P0003
T000246,C00145,2025-02-15,451.75,transfer,P0001
T000247,C00074,2025-02-15,477.21,,P0004
T000248,C00149,2025-02-15,131.11,transfer,P0016
T000249,C00108,2025-02-15,,card,P0025
T000250,C00177,2025-02-15,265.6,transfer,P0023
T000251,C00068,2025-02-15,385.21,transfer,P0018
T000252,C00187,2025-02-15,6.37,transfer,P0003
T000253,C00169,2025-02-15,596.05,card,P0024
T000254,C00067,2025-02-15,172.13,transfer,P0002
T000255,C00097,2025-02-15,41.93,card,P0019
T000256,C00107,2025-02-15,277.67,cash,P0013
T000257,C00154,2025-02-15,81.77,cash,P0027
T000258,C00138,2025-02-15,95.63,cash,P0010
T000259,C00171,2025-02-15,381.21,cash,P0020
T000260,C00074,2025-02-15,238.79,card,P0014
T000261,C00101,2025-02-15,553.5,cash,P0016
T000262,C00087,2025-02-15,194.9,transfer,P0029
T000263,C00182,,437.08,cash,P0022
T000264,C00061,2025-02-15,279.35,card,P0013
T000265,C00118,2025-02-15,397.67,transfer,P0014
T000266,C00025,2025-02-15,361.82,card,P0022
T000267,C00171,2025-02-15,286.31,cash,P0011
T000268,C00077,2025-02-15,570.29,cash,P0006
T000269,C00069,2025-02-15,208.91,cash,P0015
T000270,C00117,2025-02-15,110.46,transfer,P0003
T000271,C00100,2025-02-15,408.47,cash,P0006
T000272,C00170,2025-02-15,508.37,transfer,P0013
T000273,C00107,2025-02-15,28.95,card,P0024
T000274,C00104,2025-02-15,,transfer,P0024
T000275,C00021,2025-02-15,536.03,cash,P0008
T000276,C00005,2025-02-15,451.02,card,P0013
T000277,C00080,2025-02-15,595.13,card,P0005
T000278,C00200,2025-02-15,,transfer,P0023
T000279,C00184,2025-02-15,397.7,cash,P0008
T000280,C00126,2025-02-15,184.98,cash,P0024
T000281,C00127,2025-02-15,568.78,card,P0026
T000282,C00079,2025-02-15,222.97,cash,P0021
T000283,C00036,2025-02-15,444.41,transfer,P0010
T000284,C00002,2025-02-15,244.87,card,P0029
T000285,C00068,2025-02-15,339.28,cash,P0021
T000286,C00064,2025-02-15,433.27,cash,P0020
T000287,C00039,2025-02-15,307.82,transfer,P0026
T000288,C00052,2025-02-15,544.72,card,P0027
T000289,C00005,2025-02-15,254.48,cash,P0003
T000290,C00122,2025-02-15,390.01,transfer,P0027
T000291,C00186,2025-02-15,208.71,card,P0023
T000292,C00139,2025-02-15,247.85,transfer,P0007
T000293,C00090,2025-02-15,266.83,transfer,P0010
T000294,C00085,2025-02-15,79.86,transfer,P0023
T000295,C00062,,59.58,cash,P0007
T000296,C00029,2025-02-15,402.16,transfer,P0014
T000297,C00120,2025-02-15,395.03,transfer,P0021
T000298,C00114,2025-02-15,399.43,,P0020
T000299,C00002,2025-02-15,16.76,cash,P0028
T000300,C00084,2025-02-15,199.3,cash,P0004
T000301,C00056,2025-02-15,122.7,cash,P0009
T000302,C00035,2025-02-15,468.0,card,P0030
T000303,C00141,2025-02-15,517.08,transfer,P0018
T000304,C00106,2025-02-15,151.77,transfer,P0008
T000305,C00127,,402.37,cash,P0009
T000306,C00143,2025-02-15,81.97,card,P0011
T000307,C00197,2025-02-15,168.72,cash,P0017
T000308,C00161,2025-02-15,87.5,cash,P0009
T000309,C00125,2025-02-15,173.69,cash,P0019
T000310,C00176,2025-02-15,406.47,,P0014
T000311,C00096,2025-02-15,546.64,transfer,P0019
T000312,C00197,2025-02-15,125.5,transfer,P0005
T000313,C00153,2025-02-15,327.54,transfer,P0019
T000314,C00131,2025-02-15,422.33,transfer,P0028
T000315,C00181,2025-02-15,571.99,,P0005
T000316,C00104,2025-02-15,367.99,cash,P0010
T000317,C00145,2025-02-15,156.79,cash,P0021
T000318,C00057,2025-02-15,377.16,cash,P0019
T000319,C00193,2025-02-15,195.69,transfer,P0021
T000320,C00125,2025-02-15,585.8,cash,P0017
T000321,C00157,2025-02-15,242.81,cash,P0021
T000322,C00093,2025-02-15,412.83,card,P0019
T000323,C00174,2025-02-15,18.82,transfer,P0003
T000324,C00015,2025-02-15,243.04,cash,P0023
T000325,C00023,2025-02-15,525.69,cash,P0014
T000326,C00102,2025-02-15,368.09,cash,P0002
T000327,C00147,,269.15,card,P0013
T000328,C00162,2025-02-15,561.88,cash,P0014
T000329,C00089,2025-02-15,513.12,transfer,P0003
T000330,C00130,2025-02-15,196.72,cash,P0030
T000331,C00111,2025-02-15,,card,P0007
T000332,C00193,2025-02-15,296.45,cash,P0010
T000333,C00131,2025-02-15,381.16,card,P0014
T000334,C00084,2025-02-15,203.8,,P0025
T000335,C00194,2025-02-15,150.3,cash,P0023
T000336,C00022,2025-02-15,548.04,card,P0024
T000337,C00197,2025-02-15,554.71,transfer,P0008
T000338,C00031,2025-02-15,506.78,,P0026
T000339,C00058,2025-02-15,587.03,transfer,P0025
T000340,C00165,2025-02-15,448.27,transfer,P0014
T000341,C00147,2025-02-15,459.98,card,P0017
T000342,C00195,2025-02-15,,cash,P0002
T000343,C00150,2025-02-15,290.96,card,P0023
T000344,C00128,2025-02-15,276.59,card,P0029
T000345,C00070,2025-02-15,147.93,transfer,P0015
T000346,C00001,2025-02-15,388.67,transfer,P0017
T000347,C00025,,177.15,card,P0015
T000348,C00060,2025-02-15,158.4,card,P0003
T000349,C00009,2025-02-15,353.65,card,P0019
T000350,C00102,2025-02-15,248.94,cash,P0022
T000351,C00156,2025-02-15,135.22,card,P0028
T000352,C00193,2025-02-15,490.55,card,P0028
T000353,C00098,,517.04,cash,P0015
T000354,C00176,2025-02-15,104.78,card,P0029
T000355,C00198,2025-02-15,9.47,transfer,P0016
T000356,C00172,2025-02-15,,transfer,P0020
T000357,C00093,2025-02-15,479.52,transfer,P0019
T000358,C00066,2025-02-15,504.31,card,P0030
T000359,C00196,,87.31,,P0023
T000360,C00049,2025-02-15,465.73,transfer,P0004
T000361,C00083,2025-02-15,73.84,card,P0003
T000362,C00015,2025-02-15,237.09,transfer,P0013
T000363,C00159,2025-02-15,599.17,cash,P0016
T000364,C00130,2025-02-15,119.59,transfer,P0021
T000365,C00017,2025-02-15,96.61,cash,P0015
T000366,C00045,2025-02-15,256.57,transfer,P0016
T000367,C00112,2025-02-15,373.7,card,P0028
T000368,C00109,2025-02-15,560.08,cash,P0011
T000369,C00161,2025-02-15,588.59,card,P0015
T000370,C00054,2025-02-15,46.44,card,P0017
T000371,C00185,2025-02-15,87.11,card,P0015
T000372,C00089,2025-02-15,475.49,cash,P0030
T000373,C00165,2025-02-15,166.03,card,P0029
T000374,C00048,2025-02-15,531.49,transfer,P0016
T000375,C00008,2025-02-15,399.75,cash,P0014
T000376,C00012,2025-02-15,71.55,transfer,P0018
T000377,C00075,2025-02-15,500.35,transfer,P0006
T000378,C00191,2025-02-15,109.93,card,P0013
T000379,C00010,2025-02-15,,card,P0007
T000380,C00074,2025-02-15,333.55,cash,P0005
T000381,C00022,2025-02-15,302.96,cash,P0003
T000382,C00187,2025-02-15,413.27,card,P0018
T000383,C00136,2025-02-15,393.35,transfer,P0001
T000384,C00153,2025-02-15,595.26,cash,P0020
T000385,C00143,2025-02-15,599.66,transfer,P0013
T000386,C00132,2025-02-15,312.29,card,P0011
T000387,C00155,,61.64,transfer,P0024
T000388,C00002,2025-02-15,438.07,card,P0017
T000389,C00174,2025-02-15,586.12,,P0023
T000390,C00148,2025-02-15,194.4,cash,P0022
T000391,C00148,2025-02-15,279.42,transfer,P0001
T000392,C00079,2025-02-15,257.74,card,P0007
T000393,C00161,2025-02-15,35.59,card,P0018
T000394,C00077,2025-02-15,405.0,cash,P0030
T000395,C00010,2025-02-15,215.24,cash,P0005
T000396,C00182,2025-02-15,473.54,card,P0004
T000397,C00047,2025-02-15,500.11,,P0029
T000398,C00021,2025-02-15,493.63,card,P0030
T000399,C00125,2025-02-15,252.92,cash,P0006
T000400,C00047,,196.32,cash,P0013
T000401,C00172,,450.55,cash,P0019
T000402,C00089,2025-02-15,481.83,transfer,P0006
T000403,C00001,2025-02-15,297.3,card,P0010
T000404,C00191,2025-02-15,536.35,transfer,P0012
T000405,C00103,2025-02-15,90.63,,P0020
T000406,C00053,2025-02-15,528.05,card,P0010
T000407,C00136,2025-02-15,62.18,card,P0013
T000408,C00107,2025-02-15,96.35,card,P0009
T000409,C00006,2025-02-15,322.63,card,P0023
T000410,C00152,2025-02-15,45.17,cash,P0005
T000411,C00081,2025-02-15,36.42,card,P0007
T000412,C00140,2025-02-15,5.31,card,P0008
T000413,C00180,2025-02-15,264.61,cash,P0028
T000414,C00123,2025-02-15,465.9,transfer,P0029
T000415,C00135,2025-02-15,25.73,card,P0016
T000416,C00051,,393.09,transfer,P0005
T000417,C00048,2025-02-15,494.76,cash,P0023
T000418,C00084,2025-02-15,104.96,transfer,P0015
T000419,C00171,2025-02-15,92.38,card,P0026
T000420,C00105,2025-02-15,517.18,cash,P0011
T000421,C00070,2025-02-15,494.76,transfer,P0030
T000422,C00156,2025-02-15,325.67,card,P0025
T000423,C00171,2025-02-15,492.42,,P0007
T000424,C00181,2025-02-15,60.19,,P0022
T000425,C00060,2025-02-15,239.72,cash,P0009
T000426,C00142,2025-02-15,443.99,cash,P0011
T000427,C00119,2025-02-15,158.18,cash,P0008
T000428,C00090,2025-02-15,,card,P0021
T000429,C00080,2025-02-15,304.99,transfer,P0008
T000430,C00023,2025-02-15,451.41,cash,P0020
T000431,C00055,2025-02-15,281.48,transfer,P0018
T000432,C00110,2025-02-15,223.9,cash,P0023
T000433,C00178,2025-02-15,135.42,cash,P0030
T000434,C00174,2025-02-15,128.99,cash,P0001
T000435,C00038,2025-02-15,452.14,transfer,P0030
T000436,C00136,2025-02-15,75.75,transfer,P0004
T000437,C00017,2025-02-15,56.16,transfer,P0016
T000438,C00136,2025-02-15,109.89,cash,P0011
T000439,C00069,2025-02-15,109.33,transfer,P0020
T000440,C00090,2025-02-15,494.75,cash,P0022
T000441,C00144,2025-02-15,242.11,cash,P0026
T000442,C00085,2025-02-15,594.28,transfer,P0013
T000443,C00162,2025-02-15,86.64,card,P0028
T000444,C00107,2025-02-15,393.86,transfer,P0010
T000445,C00200,2025-02-15,271.99,card,P0007
T000446,C00128,2025-02-15,238.79,cash,P0012
T000447,C00060,2025-02-15,525.68,cash,P0016
T000448,C00156,2025-02-15,585.48,cash,P0021
T000449,C00082,2025-02-15,524.35,,P0025
T000450,C00107,2025-02-15,119.42,cash,P0007
T000451,C00028,2025-02-15,136.37,cash,P0010
T000452,C00024,2025-02-15,395.36,cash,P0029
T000453,C00115,2025-02-15,177.0,cash,P0014
T000454,C00038,2025-02-15,442.16,transfer,P0008
T000455,C00200,2025-02-15,342.02,cash,P0030
T000456,C00172,2025-02-15,332.79,cash,P0014
T000457,C00141,,497.99,transfer,P0030
T000458,C00147,2025-02-15,427.77,transfer,P0028
T000459,C00120,2025-02-15,20.81,card,P0028
T000460,C00013,2025-02-15,34.43,transfer,P0018
T000461,C00079,2025-02-15,362.93,card,P0024
T000462,C00100,2025-02-15,294.28,card,P0029
T000463,C00184,2025-02-15,159.81,,P0009
T000464,C00044,2025-02-15,254.1,card,P0002
T000465,C00100,2025-02-15,455.96,transfer,P0010
T000466,C00069,2025-02-15,496.83,transfer,P0020
T000467,C00027,2025-02-15,338.93,transfer,P0017
T000468,C00021,2025-02-15,234.29,transfer,P0003
T000469,C00074,2025-02-15,,transfer,P0017
T000470,C00017,2025-02-15,315.54,card,P0006
T000471,C00014,2025-02-15,192.28,transfer,P0016
T000472,C00071,2025-02-15,340.64,card,P0018
T000473,C00041,2025-02-15,407.61,card,P0020
T000474,C00111,2025-02-15,44.32,card,P0013
T000475,C00004,2025-02-15,5.64,cash,P0013
T000476,C00061,,131.3,transfer,P0021
T000477,C00091,2025-02-15,537.23,card,P0023
T000478,C00193,2025-02-15,389.54,transfer,P0025
T000479,C00127,2025-02-15,107.32,cash,P0011
T000480,C00177,2025-02-15,534.71,cash,P0013
T000481,C00069,2025-02-15,284.62,transfer,P0010
T000482,C00090,2025-02-15,288.27,cash,P0016
T000483,C00085,2025-02-15,561.65,cash,P0004
T000484,C00178,2025-02-15,40.39,transfer,P0013
T000485,C00192,2025-02-15,133.03,cash,P0006
T000486,C00193,2025-02-15,353.53,cash,P0016
T000487,C00151,2025-02-15,121.31,card,P0026
T000488,C00101,2025-02-15,409.32,card,P0030
T000489,C00109,2025-02-15,132.38,card,P0014
T000490,C00197,2025-02-15,64.0,card,P0002
T000491,C00057,2025-02-15,128.16,card,P0007
T000492,C00070,2025-02-15,256.53,transfer,P0004
T000493,C00180,2025-02-15,109.8,card,P0023
T000494,C00078,2025-02-15,85.14,cash,P0030
T000495,C00048,2025-02-15,516.87,transfer,P0017
T000496,C00113,2025-02-15,195.64,transfer,P0006
T000497,C00066,,219.65,cash,P0001
T000498,C00179,,37.89,card,P0030
T000499,C00182,2025-02-15,,,P0010
T000500,C00062,2025-02-15,162.56,card,P0004
T000501,C00106,2025-02-15,368.24,transfer,P0006
T000502,C00197,2025-02-15,127.21,transfer,P0008
T000503,C00149,2025-02-15,533.58,card,P0020
T000504,C00044,2025-02-15,558.15,transfer,P0027
T000505,C00119,2025-02-15,64.4,card,P0009
T000506,C00124,2025-02-15,,card,P0021
T000507,C00131,2025-02-15,73.62,transfer,P0002
T000508,C00006,2025-02-15,373.64,transfer,P0001
T000509,C00060,2025-02-15,77.57,card,P0002
T000510,C00171,2025-02-15,512.17,transfer,P0028
T000511,C00049,2025-02-15,453.79,transfer,P0018
T000512,C00060,,492.79,transfer,P0025
T000513,C00065,2025-02-15,318.01,card,P0001
T000514,C00036,2025-02-15,598.02,card,P0001
T000515,C00032,2025-02-15,31.28,transfer,P0026
T000516,C00070,2025-02-15,243.75,transfer,P0004
T000517,C00175,,197.74,transfer,P0005
T000518,C00001,2025-02-15,569.44,cash,P0016
T000519,C00057,2025-02-15,348.23,card,P0019
T000520,C00013,2025-02-15,484.68,transfer,P0007
T000521,C00113,2025-02-15,106.35,card,P0014
T000522,C00051,2025-02-15,587.29,cash,P0021
T000523,C00159,2025-02-15,301.69,transfer,P0014
T000524,C00118,2025-02-15,298.73,cash,P0012
T000525,C00157,2025-02-15,582.68,,P0003
T000526,C00127,2025-02-15,231.54,card,P0014
T000527,C00088,2025-02-15,241.53,cash,P0025
T000528,C00173,2025-02-15,352.93,transfer,P0019
T000529,C00096,2025-02-15,81.19,cash,P0027
T000530,C00190,2025-02-15,196.05,transfer,P0004
T000531,C00199,2025-02-15,119.96,card,P0001
T000532,C00118,2025-02-15,66.45,transfer,P0017
T000533,C00135,2025-02-15,520.36,transfer,P0006
T000534,C00052,2025-02-15,355.65,cash,P0018
T000535,C00163,2025-02-15,218.41,transfer,P0028
T000536,C00135,2025-02-15,248.16,cash,P0011
T000537,C00181,2025-02-15,261.75,cash,P0017
T000538,C00054,2025-02-15,381.72,transfer,P0021
T000539,C00158,2025-02-15,556.43,transfer,P0005
T000540,C00095,2025-02-15,560.0,transfer,P0027
T000541,C00038,2025-02-15,237.94,card,P0007
T000542,C00035,2025-02-15,200.91,transfer,P0025
T000543,C00113,2025-02-15,273.37,card,P0020
T000544,C00064,2025-02-15,342.92,cash,P0005
T000545,C00021,2025-02-15,279.78,cash,P0022
T000546,C00086,2025-02-15,396.96,,P0006
T000547,C00131,2025-02-15,334.87,transfer,P0018
T000548,C00064,2025-02-15,195.83,transfer,P0029
T000549,C00192,2025-02-15,210.71,card,P0029
T000550,C00156,2025-02-15,230.26,card,P0027
T000551,C00103,2025-02-15,61.31,card,P0015
T000552,C00187,2025-02-15,103.81,transfer,P0017
T000553,C00087,2025-02-15,435.25,cash,P0010
T000554,C00028,2025-02-15,236.51,transfer,P0028
T000555,C00008,2025-02-15,132.65,transfer,P0015
T000556,C00188,2025-02-15,339.79,transfer,P0024
T000557,C00192,2025-02-15,454.55,card,P0011
T000558,C00148,2025-02-15,158.17,card,P0023
T000559,C00021,2025-02-15,496.94,cash,P0007
T000560,C00059,2025-02-15,556.87,cash,P0023
T000561,C00009,2025-02-15,360.45,transfer,P0002
T000562,C00011,2025-02-15,403.02,card,P0004
T000563,C00050,2025-02-15,36.28,cash,P0011
T000564,C00115,2025-02-15,567.58,card,P0015
T000565,C00014,2025-02-15,238.53,card,P0022
T000566,C00197,2025-02-15,554.72,card,P0011
T000567,C00092,2025-02-15,349.49,card,P0001
T000568,C00053,2025-02-15,7.75,cash,P0010
T000569,C00104,2025-02-15,27.93,cash,P0014
T000570,C00159,2025-02-15,409.85,cash,P0017
T000571,C00063,2025-02-15,339.79,cash,P0020
T000572,C00010,2025-02-15,20.79,transfer,P0008
T000573,C00011,2025-02-15,447.36,transfer,P0019
T000574,C00171,2025-02-15,512.03,cash,P0019
T000575,C00023,2025-02-15,300.37,cash,P0024
T000576,C00128,2025-02-15,282.13,transfer,P0016
T000577,C00077,2025-02-15,8.26,transfer,P0025
T000578,C00156,2025-02-15,473.06,card,P0007
T000579,C00013,2025-02-15,201.78,transfer,P0022
T000580,C00180,2025-02-15,,card,P0002
T000581,C00140,2025-02-15,226.97,cash,P0004
T000582,C00090,2025-02-15,341.22,cash,P0026
T000583,C00042,2025-02-15,165.85,cash,P0015
T000584,C00196,2025-02-15,100.55,card,P0019
T000585,C00061,2025-02-15,,transfer,P0019
T000586,C00099,2025-02-15,300.47,card,P0021
T000587,C00079,2025-02-15,324.21,card,P0008
T000588,C00047,,579.42,transfer,P0006
T000589,C00084,2025-02-15,578.33,transfer,P0002
T000590,C00031,2025-02-15,514.11,card,P0026
T000591,C00001,2025-02-15,116.63,transfer,P0007
T000592,C00058,2025-02-15,358.59,transfer,P0018
T000593,C00023,2025-02-15,527.5,card,P0014
T000594,C00083,2025-02-15,227.81,cash,P0005
T000595,C00173,2025-02-15,65.16,cash,P0013
T000596,C00033,2025-02-15,487.52,card,P0003
T000597,C00001,2025-02-15,291.65,card,P0006
T000598,C00023,2025-02-15,340.81,card,P0005
T000599,C00102,2025-02-15,589.38,card,P0025
