product_id,product_name,category,price
P0001,Product 1,Services,$132.13
P0002,Product 2,Services,$174.16
P0003,Product 3,HARDWARE,$93.51
P0004,Product 4,SERVICES,$53.33
P0005,Product 5,SOFTWARE,$51.15
P0006,Product 6,Software,$150.47
P0007, Product 7 ,Software,$164.23
 P0008 ,Product 8,Hardware,$25.53
P0009,Product 9,Services,$17.98
P0010,Product 10,Hardware,$120.91
P0011, Product 11 ,HARDWARE,$33.50
P0012, Product 12 ,, $165.81 
P0013,Product 13,Hardware,
P0014,Product 14, Hardware ,$33.06
P0015,Product 15,Hardware,$184.59
P0016,Product 16,Services,$37.28
P0017,Product 17,SERVICES,$60.52
P0018,Product 18,HARDWARE,$34.95
 P0019 ,Product 19, Hardware ,$27.52
P0020,Product 20, Software ,$9.12
P0021, Product 21 ,Services,$15.80
 P0022 ,Product 22,Services,$39.06
P0023,Product 23,Services,$15.41
P0024,Product 24,Software,$120.27
P0025,Product 25,Software,$137.74
P0026,Product 26,Hardware,$81.76
P0027,Product 27,SERVICES,$67.01
P0028, Product 28 ,SERVICES,$103.38
P0029,Product 29,HARDWARE, $175.63 
P0030,Product 30,SERVICES,$170.97
P0031, Product 31 ,HARDWARE,$13.48
P0032,Product 32,Services,$40.39
P0033,Product 33,SERVICES, $51.17 
P0034,Product 34,HARDWARE,$53.63
P0035,Product 35, Software ,$116.39
P0036,Product 36,Hardware,$86.17
P0037,Product 37,SOFTWARE,$14.60
P0038, Product 38 ,, $77.85 
P0039,Product 39,Hardware,$107.13
P0040,Product 40,SOFTWARE,$24.83
P0041,Product 41,SERVICES,$167.52
P0042,Product 42, Hardware ,$15.13
P0043,Product 43, Hardware ,$185.34
P0044,Product 44,SOFTWARE,$24.33
P0045,Product 45,SOFTWARE,$169.50
P0046,Product 46,Software,$181.02
P0047,Product 47,HARDWARE,$196.02
 P0048 ,Product 48, Services ,$161.40
P0049,Product 49, SOFTWARE ,$157.00
P0050,Product 50,HARDWARE,$130.28
P0051,Product 51,Services,$156.90
P0052,Product 52,Services,$31.24
P0053,Product 53,Software, $109.53 
P0054,Product 54,Hardware,
P0055,Product 55,Software,$172.23
P0056,Product 56, Software ,$95.25
P0057,Product 57,HARDWARE, $80.09 
P0058,Product 58,Software,$129.71
 P0059 ,Product 59,Services,$56.96
P0060,Product 60,Hardware,$32.25
P0061,,,$98.19
P0062,,HARDWARE,$86.29
P0063,Product 63,SERVICES,$50.35
P0064,Product 64,SOFTWARE,$76.66
P0065,Product 65,,$76.45
P0066,Product 66,Services,$68.86
P0067,Product 67,Hardware,$79.00
P0068,Product 68,Software,$138.72
P0069,Product 69,Hardware,$62.89
P0070, Product 70 ,SERVICES,
P0071,Product 71,Services,$183.69
P0072,,Services,$98.78
P0073,Product 73,Software,$69.03
P0074, Product 74 ,Software,$109.41
 P0075 ,Product 75,SOFTWARE, $170.47 
P0076,Product 76,Services,$132.25
P0077,Product 77,Services,$161.86
P0078,Product 78,Hardware,$108.88
P0079,Product 79,Software,$128.42
P0080, Product 80 ,,$61.19
P0081,Product 81,Hardware,$148.30
 P0082 , Product 82 ,SERVICES,$44.47
P0083,Product 83,HARDWARE,$140.49
P0084,Product 84,SERVICES,
P0085,Product 85,Software, $30.76 
P0086,Product 86, Hardware , $124.80 
P0087,Product 87, Software ,$23.54
 P0088 ,Product 88,Software,$146.51
P0089,Product 89,Services,$21.48
 P0090 ,Product 90,Software, $187.51 
P0091,Product 91,SERVICES,$31.79
 P0092 ,,SERVICES,$191.98
P0093,Product 93,Services,$161.17
P0094,Product 94,Software,$120.77
P0095,Product 95,Hardware,$157.61
 P0096 ,,Software, $160.05 
 P0097 ,Product 97,Hardware,$189.48
P0098,Product 98,Software,$54.41
P0099,Product 99,SERVICES,$120.06
P0100, Product 100 , Software ,
P0001,Product 1,Services,$132.13
P0002,Product 2,Services,$174.16
P0003,Product 3,HARDWARE,$93.51
P0004,Product 4,SERVICES,$53.33
P0005,Product 5,SOFTWARE,$51.15
