employee_id,employee_name,department,salary,hire_date,email
E0000,Employee 0,finance,5040.0,2023-03-01,worker0@example.org
E0001,Employee 1,engineering,3529.0,2023-03-01,
E0002,Employee 2,finance,7531.0,2023-03-01,worker2@example.org
E0003,Employee 3,,7801.0,2023-03-01,worker3@example.org
E0004,Employee 4,finance,2347.0,2023-03-01,worker4@example.org
E0005,Employee 5,engineering,6265.0,2023-03-01,worker5@example.org
E0006,Employee 6,finance,1651.0,,worker6@example.org
E0007,Employee 7,sales,3898.0,2023-03-01,worker7@example.org
E0008,Employee 8,,7804.0,2023-03-01,worker8@example.org
E0009,Employee 9,engineering,2636.0,2023-03-01,worker9@example.org
E0010,Employee 10,finance,3950.0,2023-03-01,worker10@example.org
E0011,Employee 11,engineering,2927.0,2023-03-01,worker11@example.org
E0012,Employee 12,finance,6233.0,2023-03-01,worker12@example.org
E0013,Employee 13,sales,4515.0,2023-03-01,
E0014,Employee 14,engineering,5355.0,2023-03-01,
E0015,Employee 15,engineering,7626.0,2023-03-01,worker15@example.org
E0016,Employee 16,engineering,,2023-03-01,worker16@example.org
E0017,Employee 17,engineering,6271.0,2023-03-01,worker17@example.org
E0018,Employee 18,sales,2136.0,2023-03-01,worker18@example.org
E0019,Employee 19,engineering,2899.0,2023-03-01,worker19@example.org
E0020,Employee 20,sales,7654.0,2023-03-01,worker20@example.org
E0021,Employee 21,engineering,7087.0,2023-03-01,worker21@example.org
E0022,Employee 22,sales,5768.0,2023-03-01,worker22@example.org
E0023,Employee 23,finance,3958.0,2023-03-01,worker23@example.org
E0024,Employee 24,engineering,2798.0,2023-03-01,worker24@example.org
E0025,Employee 25,sales,7036.0,2023-03-01,worker25@example.org
E0026,Employee 26,sales,6604.0,2023-03-01,worker26@example.org
E0027,Employee 27,engineering,3071.0,2023-03-01,worker27@example.org
E0028,Employee 28,sales,5333.0,2023-03-01,worker28@example.org
E0029,Employee 29,finance,5521.0,2023-03-01,worker29@example.org
E0030,,engineering,4603.0,2023-03-01,worker30@example.org
E0031,Employee 31,finance,7523.0,2023-03-01,worker31@example.org
E0032,Employee 32,finance,2306.0,2023-03-01,worker32@example.org
E0033,Employee 33,finance,3176.0,2023-03-01,worker33@example.org
E0034,Employee 34,finance,2117.0,2023-03-01,worker34@example.org
E0035,Employee 35,finance,6004.0,2023-03-01,worker35@example.org
E0036,Employee 36,finance,5686.0,2023-03-01,worker36@example.org
E0037,Employee 37,sales,7917.0,2023-03-01,worker37@example.org
E0038,Employee 38,finance,5025.0,2023-03-01,worker38@example.org
E0039,Employee 39,engineering,2478.0,2023-03-01,worker39@example.org
E0040,Employee 40,engineering,4430.0,2023-03-01,worker40@example.org
E0041,Employee 41,sales,2074.0,2023-03-01,worker41@example.org
E0042,Employee 42,engineering,5860.0,2023-03-01,worker42@example.org
E0043,Employee 43,engineering,5882.0,2023-03-01,worker43@example.org
E0044,Employee 44,sales,,2023-03-01,worker44@example.org
E0045,Employee 45,engineering,3708.0,2023-03-01,worker45@example.org
E0046,,finance,3515.0,2023-03-01,worker46@example.org
E0047,Employee 47,finance,1963.0,,worker47@example.org
E0048,Employee 48,engineering,4198.0,2023-03-01,worker48@example.org
E0049,Employee 49,finance,4589.0,,worker49@example.org
